4.06,4.09,4.1,4.11
4.06,4.09,4.1,4.11
4.06,4.09,4.1,4.11
4.06,4.09,4.1,4.11
4.06,4.09,4.1,4.11
4.06,4.09,4.1,4.11
4.06,4.09,4.1,4.11
4.06,4.09,4.1,4.11
4.06,4.09,4.1,4.11
4.06,4.09,4.1,4.11
4.06,4.09,4.1,4.11
4.01,4.05,4.05,4.03
4.03,4.06,4.07,4.09
4.04,4.07,4.08,4.1
4.05,4.07,4.08,4.1
4.05,4.07,4.09,4.1
4.05,4.08,4.08,4.1
4.05,4.08,4.08,4.1
4.05,4.08,4.08,4.1
4.05,4.08,4.08,4.1
4.05,4.08,4.08,4.1
4.05,4.07,4.09,4.1
4.05,4.07,4.09,4.09
4.05,4.07,4.09,4.09
4.05,4.07,4.09,4.09
4.05,4.07,4.09,4.09
4.05,4.07,4.09,4.09
4.05,4.07,4.09,4.09
4.05,4.07,4.09,4.09
4.05,4.07,4.09,4.09
4.05,4.07,4.09,4.09
4.05,4.07,4.09,4.09
4.05,4.07,4.08,4.1
4.05,4.07,4.08,4.1
4.05,4.07,4.08,4.09
4.05,4.07,4.08,4.1
4.05,4.07,4.08,4.1
4.05,4.07,4.08,4.1
4.05,4.07,4.08,4.09
4.05,4.07,4.08,4.09
4.05,4.07,4.08,4.1
4.05,4.07,4.08,4.09
4.05,4.07,4.08,4.1
4.05,4.07,4.08,4.1
4.05,4.07,4.08,4.1
4.05,4.07,4.08,4.09
4.05,4.07,4.08,4.1
4.05,4.07,4.08,4.1
4.05,4.07,4.08,4.1
4.05,4.06,4.09,4.09
4.03,4.06,4.07,4.07
3.99,4.03,4.04,4
3.93,3.94,3.95,3.89
3.8,3.84,3.83,3.68
3.82,3.86,3.87,3.81
3.84,3.88,3.89,3.91
3.82,3.86,3.86,3.82
3.81,3.86,3.86,3.83
3.81,3.86,3.86,3.84
3.85,3.9,3.9,3.9
3.87,3.91,3.93,3.95
3.87,3.9,3.92,3.9
3.87,3.9,3.92,3.91
3.87,3.9,3.92,3.9
3.86,3.91,3.91,3.91
3.86,3.91,3.91,3.91
3.86,3.9,3.92,3.9
3.86,3.9,3.92,3.9
3.86,3.9,3.91,3.9
3.86,3.9,3.91,3.89
3.85,3.89,3.9,3.87
3.78,3.83,3.84,3.76
3.74,3.79,3.78,3.7
3.74,3.8,3.8,3.76
3.8,3.86,3.85,3.9
3.86,3.9,3.91,3.98
3.9,3.94,3.95,3.97
3.86,3.91,3.89,3.9
3.7,3.77,3.81,3.06
3.67,3.74,3.75,3.29
3.71,3.74,3.78,3.46
3.72,3.78,3.76,3.67
3.76,3.8,3.78,3.88
3.75,3.89,3.78,3.81
3.75,3.85,3.82,3.82
3.48,3.56,3.55,3.18
3.48,3.55,3.54,3.4
3.62,3.67,3.69,3.8
3.68,3.74,3.74,3.79
3.76,3.8,3.82,3.86
3.84,3.89,3.9,3.98
3.88,3.93,3.93,4
3.85,3.9,3.92,3.85
3.78,3.85,3.83,3.67
3.7,3.75,3.74,3.49
3.75,3.8,3.82,3.7
3.74,3.81,3.8,3.78
3.84,3.88,3.9,4.01
3.74,3.81,3.82,3.69
3.78,3.82,3.83,3.77
3.8,3.86,3.88,3.93
3.77,3.81,3.82,3.74
3.77,3.83,3.79,3.78
3.74,3.8,3.79,3.76
3.66,3.74,3.68,3.66
3.67,3.73,3.73,3.66
3.71,3.78,3.78,3.79
3.78,3.83,3.83,3.91
3.75,3.81,3.81,3.8
3.73,3.78,3.79,3.71
3.74,3.79,3.8,3.77
3.78,3.83,3.83,3.87
3.78,3.83,3.84,3.84
3.78,3.83,3.83,3.82
3.76,3.82,3.82,3.79
3.74,3.79,3.79,3.75
3.69,3.75,3.76,3.69
3.67,3.73,3.74,3.69
3.7,3.75,3.77,3.74
3.74,3.79,3.79,3.82
3.76,3.82,3.82,3.84
3.8,3.85,3.86,3.86
3.84,3.89,3.9,3.95
3.85,3.9,3.9,3.92
3.83,3.88,3.9,3.87
3.8,3.85,3.86,3.82
3.68,3.75,3.76,3.65
3.6,3.66,3.68,3.48
3.64,3.7,3.7,3.68
3.74,3.8,3.8,3.9
3.78,3.83,3.86,3.89
3.75,3.82,3.83,3.8
3.67,3.73,3.74,3.61
3.64,3.7,3.7,3.61
3.68,3.74,3.75,3.75
3.78,3.83,3.84,3.92
3.84,3.9,3.9,3.98
3.84,3.89,3.89,3.91
3.72,3.76,3.79,3.82
3.74,3.8,3.79,3.85
3.67,3.76,3.75,3.67
3.63,3.7,3.7,3.57
3.66,3.72,3.73,3.73
3.68,3.74,3.75,3.76
3.7,3.76,3.77,3.75
3.73,3.78,3.78,3.8
3.74,3.8,3.8,3.81
3.71,3.77,3.78,3.74
3.7,3.76,3.78,3.73
3.71,3.77,3.78,3.76
3.7,3.77,3.78,3.76
3.71,3.78,3.78,3.75
3.79,3.84,3.85,3.94
3.77,3.81,3.83,3.81
3.7,3.8,3.79,3.67
3.72,3.78,3.82,3.74
3.74,3.8,3.8,3.82
3.74,3.8,3.82,3.79
3.74,3.79,3.79,3.76
3.72,3.77,3.79,3.76
3.7,3.75,3.8,3.69
3.73,3.78,3.8,3.81
3.72,3.78,3.82,3.77
3.7,3.77,3.74,3.73
3.62,3.7,3.7,3.59
3.52,3.68,3.55,3.52
3.57,3.64,3.63,3.59
3.62,3.68,3.7,3.69
3.67,3.74,3.74,3.79
3.74,3.79,3.82,3.87
3.78,3.82,3.84,3.88
3.73,3.78,3.83,3.71
3.75,3.8,3.85,3.8
3.77,3.83,3.86,3.88
3.74,3.8,3.81,3.87
3.66,3.73,3.75,3.57
3.7,3.75,3.78,3.75
3.8,3.85,3.86,3.99
3.81,3.86,3.88,3.9
3.8,3.86,3.86,3.89
3.67,3.7,3.75,3.65
3.53,3.58,3.62,3.35
3.54,3.6,3.62,3.58
3.54,3.62,3.63,3.59
3.56,3.63,3.65,3.61
3.58,3.65,3.66,3.63
3.62,3.68,3.7,3.69
3.64,3.7,3.71,3.72
3.66,3.73,3.74,3.73
3.7,3.77,3.78,3.8
3.72,3.78,3.79,3.81
3.64,3.7,3.7,3.65
3.54,3.62,3.63,3.47
3.48,3.57,3.57,3.45
3.45,3.52,3.54,3.41
3.45,3.53,3.54,3.47
3.51,3.59,3.59,3.59
3.58,3.65,3.67,3.7
3.63,3.69,3.72,3.73
3.64,3.7,3.72,3.72
3.64,3.7,3.71,3.69
3.63,3.7,3.71,3.68
3.66,3.72,3.74,3.74
3.66,3.72,3.74,3.72
3.66,3.72,3.74,3.71
3.7,3.76,3.78,3.79
3.72,3.78,3.79,3.8
3.72,3.77,3.8,3.78
3.69,3.77,3.78,3.72
3.7,3.76,3.78,3.74
3.73,3.78,3.8,3.81
3.74,3.81,3.82,3.84
3.74,3.8,3.82,3.81
3.73,3.78,3.81,3.77
3.7,3.75,3.79,3.7
3.69,3.75,3.79,3.71
3.68,3.74,3.72,3.73
3.66,3.69,3.72,3.68
3.64,3.71,3.71,3.67
3.68,3.74,3.77,3.76
3.73,3.78,3.81,3.84
3.72,3.78,3.8,3.79
3.7,3.74,3.77,3.72
3.66,3.74,3.77,3.67
3.64,3.74,3.75,3.65
3.66,3.73,3.7,3.73
3.66,3.71,3.77,3.7
3.68,3.74,3.78,3.73
3.7,3.78,3.77,3.8
3.71,3.74,3.8,3.77
3.66,3.74,3.74,3.77
3.63,3.7,3.7,3.72
3.61,3.71,3.67,3.52
3.59,3.67,3.62,3.56
3.58,3.65,3.64,3.78
3.62,3.69,3.7,3.62
3.7,3.75,3.78,3.88
3.58,3.65,3.7,3.56
3.59,3.63,3.72,3.46
3.55,3.64,3.64,3.65
3.5,3.58,3.6,3.68
3.52,3.58,3.6,3.44
3.59,3.66,3.68,3.73
3.56,3.64,3.66,3.59
3.61,3.67,3.69,3.66
3.67,3.74,3.75,3.79
3.72,3.78,3.81,3.85
3.72,3.77,3.82,3.74
3.74,3.79,3.82,3.83
3.7,3.76,3.78,3.64
3.73,3.78,3.79,3.81
3.7,3.77,3.78,3.79
3.56,3.64,3.66,3.44
3.58,3.66,3.66,3.63
3.6,3.67,3.69,3.66
3.68,3.74,3.74,3.82
3.73,3.78,3.81,3.85
3.72,3.78,3.8,3.8
3.62,3.7,3.7,3.56
3.64,3.7,3.73,3.68
3.69,3.74,3.77,3.79
3.66,3.72,3.73,3.71
3.61,3.67,3.7,3.58
3.63,3.7,3.72,3.72
3.72,3.78,3.8,3.83
3.71,3.78,3.79,3.78
3.73,3.79,3.81,3.82
3.69,3.75,3.77,3.76
3.74,3.8,3.82,3.82
3.66,3.74,3.75,3.68
3.71,3.78,3.79,3.77
3.71,3.78,3.79,3.79
3.67,3.74,3.75,3.7
3.66,3.74,3.74,3.7
3.68,3.74,3.75,3.75
3.7,3.77,3.78,3.78
3.74,3.81,3.82,3.84
3.76,3.82,3.83,3.87
3.74,3.8,3.78,3.79
3.67,3.73,3.74,3.69
3.65,3.72,3.73,3.63
3.68,3.75,3.76,3.78
3.68,3.74,3.76,3.74
3.64,3.7,3.72,3.65
3.63,3.7,3.72,3.67
3.68,3.75,3.77,3.79
3.71,3.77,3.79,3.81
3.72,3.78,3.8,3.79
3.73,3.78,3.81,3.8
3.71,3.78,3.78,3.77
3.66,3.73,3.74,3.65
3.63,3.7,3.72,3.66
3.63,3.7,3.71,3.68
3.62,3.7,3.71,3.67
3.62,3.7,3.71,3.66
3.61,3.69,3.7,3.63
3.61,3.68,3.7,3.66
3.64,3.71,3.73,3.72
3.69,3.74,3.76,3.79
3.7,3.76,3.77,3.77
3.69,3.75,3.77,3.74
3.69,3.75,3.76,3.75
3.69,3.75,3.76,3.75
3.69,3.75,3.77,3.74
3.7,3.76,3.78,3.77
3.7,3.76,3.77,3.75
3.69,3.75,3.77,3.74
3.69,3.75,3.76,3.74
3.69,3.75,3.76,3.75
3.69,3.75,3.77,3.74
3.71,3.78,3.78,3.8
3.74,3.8,3.82,3.83
3.74,3.8,3.82,3.82
3.69,3.76,3.73,3.74
3.67,3.7,3.74,3.7
3.65,3.63,3.73,3.66
3.71,3.75,3.8,3.85
3.74,3.79,3.82,3.85
3.74,3.78,3.81,3.8
3.73,3.78,3.81,3.78
3.72,3.78,3.81,3.76
3.68,3.74,3.78,3.73
3.61,3.68,3.7,3.56
3.6,3.67,3.7,3.64
3.62,3.69,3.7,3.68
3.62,3.7,3.71,3.69
3.64,3.7,3.73,3.69
3.66,3.73,3.74,3.75
3.67,3.74,3.75,3.74
3.69,3.74,3.77,3.76
3.7,3.76,3.78,3.77
3.71,3.78,3.79,3.78
3.72,3.79,3.8,3.79
3.73,3.79,3.81,3.8
3.74,3.8,3.82,3.83
3.76,3.81,3.83,3.83
3.75,3.81,3.83,3.81
3.74,3.81,3.82,3.81
3.74,3.8,3.81,3.8
3.74,3.82,3.82,3.82
3.74,3.81,3.82,3.81
3.66,3.75,3.72,3.59
3.58,3.67,3.7,3.66
3.59,3.66,3.69,3.36
3.65,3.72,3.74,3.77
3.66,3.7,3.75,3.73
3.66,3.74,3.7,3.75
3.66,3.75,3.74,3.74
3.61,3.72,3.73,3.62
3.58,3.66,3.67,3.54
3.57,3.64,3.66,3.61
3.55,3.62,3.65,3.57
3.55,3.63,3.64,3.6
3.61,3.68,3.7,3.69
3.67,3.74,3.74,3.81
3.7,3.76,3.78,3.79
3.7,3.77,3.78,3.79
3.7,3.76,3.78,3.76
3.68,3.74,3.75,3.7
3.67,3.74,3.75,3.72
3.67,3.74,3.76,3.73
3.67,3.74,3.75,3.73
3.66,3.73,3.74,3.7
3.63,3.7,3.71,3.66
3.61,3.69,3.7,3.63
3.62,3.68,3.7,3.67
3.62,3.7,3.71,3.68
3.67,3.74,3.75,3.77
3.69,3.75,3.77,3.77
3.7,3.75,3.77,3.76
3.7,3.76,3.78,3.76
3.72,3.78,3.79,3.8
3.74,3.78,3.81,3.81
3.75,3.8,3.82,3.83
3.75,3.8,3.82,3.83
3.74,3.78,3.81,3.77
3.74,3.79,3.82,3.79
3.7,3.78,3.78,3.68
3.7,3.75,3.78,3.55
3.72,3.76,3.8,3.87
3.73,3.78,3.79,3.72
3.73,3.78,3.81,3.82
3.7,3.78,3.78,3.79
3.56,3.63,3.66,3.4
3.55,3.62,3.65,3.59
3.61,3.68,3.68,3.73
3.69,3.76,3.76,3.88
3.7,3.76,3.78,3.79
3.58,3.66,3.65,3.53
3.56,3.65,3.63,3.57
3.62,3.67,3.7,3.72
3.7,3.76,3.78,3.84
3.74,3.8,3.82,3.86
3.74,3.77,3.82,3.8
3.7,3.72,3.86,3.68
3.7,3.77,3.73,3.78
3.7,3.78,3.75,3.8
3.62,3.74,3.73,3.61
3.57,3.65,3.66,3.48
3.59,3.66,3.67,3.64
3.61,3.69,3.7,3.71
3.58,3.65,3.66,3.58
3.58,3.66,3.66,3.62
3.63,3.7,3.72,3.72
3.69,3.75,3.76,3.81
3.71,3.78,3.79,3.8
3.71,3.77,3.79,3.77
3.68,3.74,3.75,3.7
3.66,3.73,3.74,3.69
3.66,3.72,3.74,3.7
3.66,3.73,3.74,3.72
3.65,3.72,3.73,3.7
3.65,3.71,3.74,3.69
3.66,3.73,3.74,3.73
3.66,3.73,3.74,3.72
3.67,3.73,3.75,3.72
3.72,3.77,3.79,3.81
3.75,3.82,3.82,3.88
3.74,3.79,3.82,3.79
3.72,3.78,3.78,3.76
3.74,3.81,3.81,3.84
3.7,3.74,3.77,3.62
3.69,3.75,3.76,3.68
3.77,3.82,3.84,3.95
3.78,3.82,3.84,3.85
3.77,3.82,3.84,3.82
3.78,3.82,3.84,3.84
3.79,3.84,3.86,3.87
3.79,3.85,3.86,3.86
3.82,3.86,3.88,3.9
3.82,3.86,3.89,3.89
3.82,3.86,3.87,3.88
3.75,3.81,3.83,3.75
3.6,3.66,3.65,3.58
3.43,3.5,3.52,3.22
3.44,3.53,3.54,3.45
3.49,3.58,3.58,3.58
3.51,3.6,3.61,3.59
3.5,3.58,3.6,3.51
3.52,3.6,3.61,3.58
3.56,3.64,3.66,3.65
3.57,3.63,3.66,3.62
3.55,3.62,3.64,3.59
3.58,3.66,3.66,3.65
3.61,3.68,3.7,3.7
3.59,3.66,3.68,3.63
3.58,3.65,3.66,3.59
3.54,3.61,3.63,3.53
3.52,3.59,3.62,3.53
3.49,3.58,3.58,3.52
3.43,3.52,3.54,3.38
3.48,3.54,3.58,3.51
3.59,3.66,3.69,3.75
3.66,3.72,3.74,3.81
3.67,3.74,3.75,3.76
3.67,3.73,3.74,3.71
3.66,3.73,3.74,3.71
3.69,3.74,3.76,3.76
3.7,3.76,3.78,3.78
3.72,3.77,3.79,3.79
3.71,3.78,3.79,3.77
3.71,3.77,3.78,3.78
3.73,3.78,3.8,3.79
3.73,3.78,3.81,3.8
3.73,3.78,3.8,3.79
3.71,3.78,3.78,3.77
3.68,3.74,3.76,3.7
3.66,3.71,3.74,3.66
3.66,3.73,3.74,3.72
3.7,3.76,3.78,3.81
3.71,3.78,3.78,3.79
3.72,3.78,3.79,3.79
3.74,3.79,3.8,3.82
3.75,3.8,3.82,3.82
3.74,3.8,3.82,3.81
3.74,3.8,3.82,3.78
3.75,3.81,3.81,3.8
3.7,3.75,3.78,3.73
3.72,3.77,3.78,3.85
3.67,3.72,3.76,3.88
3.66,3.73,3.74,3.72
3.66,3.73,3.74,3.84
3.68,3.76,3.76,3.9
3.68,3.74,3.76,3.77
3.7,3.77,3.75,3.83
3.63,3.67,3.7,3.59
3.66,3.72,3.74,3.75
3.67,3.73,3.75,3.74
3.68,3.74,3.75,3.74
3.65,3.71,3.73,3.67
3.63,3.7,3.71,3.65
3.61,3.68,3.7,3.64
3.65,3.7,3.73,3.74
3.69,3.74,3.76,3.79
3.7,3.75,3.78,3.79
3.65,3.7,3.74,3.68
3.53,3.62,3.62,3.42
3.55,3.63,3.63,3.59
3.63,3.7,3.71,3.77
3.7,3.75,3.77,3.82
3.74,3.79,3.81,3.84
3.74,3.78,3.79,3.81
3.7,3.74,3.77,3.72
3.61,3.68,3.72,3.56
3.55,3.64,3.64,3.49
3.6,3.66,3.69,3.68
3.69,3.74,3.76,3.84
3.72,3.77,3.78,3.81
3.68,3.74,3.74,3.72
3.59,3.66,3.69,3.53
3.59,3.66,3.68,3.61
3.62,3.68,3.7,3.68
3.62,3.69,3.7,3.69
3.63,3.7,3.72,3.68
3.68,3.74,3.75,3.78
3.69,3.74,3.77,3.76
3.65,3.71,3.74,3.66
3.66,3.73,3.74,3.71
3.7,3.76,3.78,3.81
3.7,3.75,3.78,3.76
3.67,3.73,3.74,3.7
3.6,3.67,3.7,3.57
3.59,3.66,3.69,3.61
3.62,3.68,3.7,3.66
3.64,3.7,3.73,3.72
3.69,3.75,3.77,3.78
3.74,3.78,3.8,3.85
3.75,3.8,3.81,3.84
3.74,3.8,3.82,3.79
3.74,3.79,3.82,3.79
3.75,3.79,3.82,3.82
3.74,3.79,3.81,3.79
3.67,3.73,3.76,3.48
3.67,3.74,3.74,3.62
3.66,3.71,3.73,3.55
3.66,3.71,3.73,3.69
3.62,3.73,3.64,3.66
3.69,3.74,3.73,3.77
3.72,3.77,3.78,3.83
3.69,3.74,3.75,3.75
3.58,3.66,3.67,3.53
3.5,3.59,3.61,3.42
3.5,3.59,3.6,3.53
3.47,3.55,3.57,3.48
3.49,3.58,3.58,3.53
3.54,3.62,3.62,3.61
3.56,3.63,3.65,3.64
3.63,3.69,3.7,3.73
3.7,3.76,3.77,3.83
3.73,3.77,3.8,3.83
3.66,3.72,3.74,3.67
3.61,3.67,3.69,3.58
3.62,3.68,3.7,3.68
3.63,3.69,3.71,3.69
3.67,3.72,3.74,3.75
3.73,3.78,3.81,3.86
3.74,3.79,3.8,3.82
3.68,3.75,3.76,3.69
3.64,3.67,3.74,3.6
3.59,3.65,3.65,3.59
3.63,3.69,3.72,3.71
3.66,3.71,3.74,3.75
3.59,3.66,3.67,3.58
3.58,3.65,3.66,3.6
3.6,3.66,3.69,3.67
3.62,3.67,3.7,3.67
3.64,3.69,3.72,3.68
3.7,3.75,3.78,3.82
3.73,3.77,3.79,3.81
3.72,3.77,3.78,3.77
3.7,3.76,3.78,3.74
3.7,3.75,3.77,3.75
3.67,3.73,3.74,3.69
3.65,3.71,3.72,3.66
3.63,3.68,3.73,3.65
3.58,3.66,3.72,3.57
3.59,3.66,3.67,3.62
3.58,3.65,3.66,3.61
3.58,3.65,3.66,3.62
3.62,3.68,3.7,3.67
3.68,3.74,3.75,3.82
3.7,3.75,3.76,3.77
3.68,3.74,3.77,3.72
3.67,3.72,3.76,3.7
3.64,3.68,3.75,3.72
3.6,3.66,3.68,3.53
3.59,3.68,3.66,3.68
3.6,3.66,3.7,3.69
3.6,3.64,3.69,3.84
3.62,3.67,3.71,3.85
3.62,3.69,3.7,3.86
3.6,3.66,3.71,3.72
3.69,3.74,3.75,3.79
3.7,3.75,3.77,3.8
3.56,3.65,3.65,3.43
3.53,3.57,3.6,3.53
3.4,3.5,3.52,3.34
3.5,3.57,3.62,3.63
3.57,3.65,3.65,3.69
3.62,3.69,3.71,3.72
3.67,3.72,3.75,3.76
3.66,3.71,3.73,3.73
3.62,3.7,3.7,3.38
3.58,3.64,3.69,3.46
3.55,3.62,3.66,3.75
3.52,3.59,3.64,3.38
3.53,3.63,3.61,3.4
3.51,3.59,3.6,3.8
3.56,3.62,3.66,3.74
3.55,3.62,3.65,3.5
3.61,3.66,3.66,3.64
3.56,3.62,3.63,3.5
3.59,3.65,3.68,3.75
3.6,3.66,3.67,3.64
3.63,3.68,3.72,3.72
3.61,3.67,3.71,3.63
3.6,3.63,3.66,3.63
3.6,3.66,3.68,3.63
3.63,3.69,3.71,3.72
3.62,3.68,3.7,3.67
3.61,3.67,3.69,3.64
3.62,3.68,3.7,3.67
3.63,3.7,3.7,3.71
3.61,3.66,3.68,3.64
3.56,3.62,3.65,3.55
3.55,3.62,3.65,3.58
3.57,3.64,3.65,3.62
3.59,3.66,3.67,3.67
3.6,3.67,3.68,3.67
3.58,3.64,3.67,3.61
3.56,3.62,3.65,3.57
3.54,3.61,3.62,3.56
3.54,3.61,3.62,3.56
3.54,3.6,3.62,3.57
3.53,3.59,3.62,3.55
3.53,3.61,3.62,3.57
3.54,3.61,3.62,3.59
3.54,3.62,3.62,3.59
3.54,3.61,3.62,3.57
3.57,3.62,3.65,3.61
3.59,3.65,3.67,3.67
3.58,3.65,3.66,3.62
3.54,3.6,3.62,3.53
3.5,3.58,3.59,3.49
3.48,3.55,3.57,3.48
3.46,3.53,3.54,3.45
3.46,3.54,3.56,3.5
3.55,3.62,3.63,3.69
3.62,3.67,3.69,3.73
3.65,3.7,3.72,3.74
3.67,3.72,3.74,3.74
3.69,3.74,3.76,3.76
3.69,3.75,3.77,3.76
3.66,3.73,3.76,3.66
3.66,3.72,3.72,3.71
3.63,3.68,3.7,3.64
3.62,3.68,3.7,3.67
3.63,3.68,3.7,3.68
3.64,3.7,3.7,3.71
3.57,3.62,3.7,3.52
3.5,3.56,3.6,3.37
3.52,3.59,3.61,3.59
3.53,3.61,3.62,3.58
3.54,3.61,3.63,3.59
3.58,3.65,3.66,3.67
3.58,3.64,3.66,3.63
3.57,3.64,3.66,3.6
3.57,3.64,3.65,3.61
3.58,3.64,3.66,3.62
3.61,3.66,3.68,3.68
3.68,3.74,3.75,3.83
3.63,3.7,3.74,3.64
3.59,3.66,3.64,3.42
3.54,3.64,3.62,3.39
3.57,3.59,3.69,3.38
3.54,3.59,3.63,3.48
3.54,3.6,3.62,3.8
3.54,3.61,3.62,3.35
3.54,3.6,3.6,3.67
3.56,3.6,3.66,3.49
3.57,3.62,3.66,3.48
3.58,3.66,3.68,3.66
3.58,3.66,3.65,3.64
3.58,3.64,3.66,3.6
3.61,3.67,3.69,3.68
3.64,3.7,3.72,3.77
3.6,3.67,3.68,3.78
3.55,3.61,3.65,3.46
3.5,3.56,3.58,3.48
3.48,3.55,3.55,3.42
3.52,3.61,3.55,3.61
3.55,3.65,3.58,3.68
3.55,3.61,3.59,3.62
3.53,3.6,3.61,3.53
3.54,3.61,3.62,3.6
3.53,3.6,3.62,3.55
3.5,3.58,3.58,3.5
3.47,3.55,3.57,3.48
3.47,3.54,3.56,3.49
3.47,3.55,3.57,3.51
3.48,3.55,3.57,3.52
3.48,3.55,3.58,3.51
3.52,3.58,3.6,3.58
3.57,3.64,3.65,3.67
3.61,3.66,3.68,3.7
3.63,3.69,3.71,3.7
3.65,3.7,3.72,3.71
3.64,3.7,3.72,3.68
3.62,3.69,3.7,3.66
3.62,3.68,3.7,3.66
3.62,3.69,3.7,3.68
3.63,3.7,3.7,3.69
3.67,3.72,3.74,3.76
3.69,3.74,3.76,3.76
3.69,3.74,3.74,3.75
3.68,3.74,3.74,3.74
3.65,3.71,3.73,3.66
3.62,3.67,3.72,3.64
3.62,3.68,3.7,3.67
3.6,3.62,3.66,3.61
3.54,3.59,3.63,3.46
3.58,3.64,3.66,3.67
3.61,3.67,3.69,3.68
3.64,3.7,3.71,3.73
3.65,3.7,3.72,3.7
3.6,3.66,3.69,3.61
3.58,3.65,3.66,3.59
3.58,3.65,3.66,3.63
3.61,3.66,3.68,3.66
3.65,3.71,3.72,3.75
3.68,3.73,3.74,3.77
3.68,3.72,3.75,3.72
3.66,3.71,3.74,3.71
3.63,3.69,3.7,3.64
3.62,3.68,3.7,3.65
3.66,3.71,3.73,3.73
3.66,3.72,3.74,3.73
3.66,3.71,3.74,3.7
3.66,3.7,3.73,3.69
3.66,3.7,3.73,3.7
3.65,3.7,3.72,3.69
3.63,3.7,3.71,3.67
3.58,3.66,3.67,3.59
3.55,3.62,3.63,3.54
3.53,3.6,3.62,3.53
3.5,3.58,3.59,3.52
3.49,3.56,3.58,3.48
3.5,3.58,3.59,3.53
3.61,3.66,3.69,3.76
3.66,3.7,3.72,3.76
3.64,3.7,3.71,3.7
3.61,3.67,3.69,3.6
3.61,3.67,3.69,3.65
3.62,3.67,3.69,3.66
3.62,3.67,3.7,3.66
3.62,3.66,3.69,3.65
3.57,3.64,3.65,3.57
3.53,3.6,3.61,3.52
3.53,3.59,3.61,3.54
3.57,3.63,3.65,3.63
3.6,3.66,3.68,3.68
3.64,3.7,3.71,3.74
3.66,3.73,3.74,3.74
3.69,3.74,3.75,3.77
3.69,3.74,3.76,3.74
3.66,3.73,3.72,3.66
3.66,3.73,3.75,3.71
3.67,3.73,3.74,3.73
3.64,3.72,3.7,3.69
3.59,3.73,3.57,3.65
3.64,3.71,3.66,3.71
3.65,3.71,3.7,3.74
3.61,3.67,3.7,3.61
3.54,3.62,3.62,3.48
3.52,3.58,3.61,3.5
3.5,3.58,3.59,3.52
3.51,3.58,3.59,3.55
3.54,3.6,3.62,3.58
3.59,3.65,3.67,3.69
3.63,3.7,3.7,3.73
3.66,3.71,3.73,3.73
3.68,3.73,3.74,3.76
3.69,3.74,3.75,3.74
3.67,3.74,3.74,3.7
3.67,3.72,3.74,3.71
3.66,3.71,3.74,3.69
3.63,3.72,3.7,3.68
3.58,3.65,3.66,3.55
3.6,3.66,3.68,3.67
3.57,3.63,3.65,3.58
3.57,3.63,3.66,3.59
3.6,3.66,3.67,3.65
3.62,3.7,3.7,3.71
3.66,3.72,3.73,3.75
3.67,3.73,3.74,3.74
3.66,3.7,3.72,3.69
3.62,3.69,3.7,3.63
3.64,3.69,3.71,3.68
3.67,3.73,3.74,3.76
3.7,3.75,3.77,3.8
3.66,3.72,3.72,3.71
3.54,3.61,3.61,3.43
3.55,3.61,3.63,3.57
3.57,3.63,3.65,3.63
3.58,3.64,3.66,3.63
3.57,3.63,3.65,3.6
3.55,3.62,3.62,3.56
3.54,3.61,3.62,3.56
3.53,3.59,3.62,3.54
3.52,3.58,3.6,3.54
3.51,3.58,3.6,3.53
3.5,3.58,3.59,3.53
3.52,3.59,3.6,3.56
3.58,3.64,3.66,3.67
3.63,3.69,3.7,3.74
3.66,3.71,3.73,3.75
3.66,3.72,3.74,3.73
3.66,3.72,3.74,3.71
3.66,3.72,3.74,3.72
3.66,3.72,3.74,3.71
3.66,3.71,3.74,3.71
3.66,3.71,3.74,3.7
3.67,3.72,3.74,3.72
3.66,3.71,3.73,3.71
3.46,3.55,3.55,3.35
3.39,3.48,3.49,3.26
3.46,3.54,3.53,3.52
3.55,3.62,3.64,3.7
3.63,3.69,3.72,3.75
3.66,3.71,3.71,3.74
3.69,3.74,3.75,3.79
3.7,3.74,3.76,3.75
3.7,3.74,3.76,3.76
3.64,3.71,3.69,3.67
3.61,3.65,3.65,3.61
3.58,3.65,3.67,3.58
3.62,3.67,3.69,3.68
3.65,3.7,3.72,3.73
3.66,3.71,3.72,3.72
3.64,3.69,3.7,3.68
3.58,3.64,3.66,3.55
3.58,3.63,3.66,3.59
3.61,3.66,3.68,3.67
3.62,3.68,3.7,3.69
3.63,3.69,3.7,3.68
3.6,3.66,3.68,3.63
3.55,3.62,3.62,3.51
3.54,3.61,3.62,3.56
3.56,3.62,3.64,3.59
3.58,3.64,3.66,3.63
3.59,3.66,3.67,3.65
3.6,3.66,3.67,3.66
3.6,3.66,3.67,3.63
3.62,3.67,3.69,3.65
3.67,3.73,3.74,3.78
3.7,3.75,3.78,3.8
3.69,3.72,3.76,3.72
3.66,3.72,3.74,3.68
3.67,3.72,3.74,3.71
3.65,3.7,3.75,3.6
3.7,3.74,3.77,3.75
3.74,3.79,3.8,3.87
3.75,3.79,3.82,3.82
3.76,3.8,3.82,3.82
3.76,3.8,3.82,3.82
3.76,3.8,3.82,3.82
3.75,3.8,3.82,3.8
3.7,3.75,3.76,3.69
3.62,3.67,3.71,3.62
3.52,3.58,3.62,3.49
3.57,3.63,3.66,3.63
3.51,3.58,3.6,3.49
3.46,3.54,3.54,3.42
3.47,3.54,3.55,3.49
3.48,3.56,3.57,3.52
3.49,3.56,3.58,3.52
3.49,3.56,3.58,3.51
3.5,3.57,3.58,3.51
3.53,3.58,3.6,3.59
3.54,3.61,3.62,3.6
3.54,3.6,3.62,3.57
3.53,3.59,3.6,3.54
3.51,3.58,3.58,3.53
3.49,3.57,3.58,3.5
3.46,3.54,3.55,3.46
3.46,3.54,3.54,3.46
3.46,3.53,3.54,3.47
3.46,3.54,3.54,3.48
3.47,3.54,3.56,3.51
3.49,3.57,3.58,3.52
3.54,3.61,3.62,3.63
3.58,3.64,3.66,3.67
3.58,3.65,3.66,3.63
3.58,3.64,3.66,3.62
3.59,3.66,3.66,3.64
3.61,3.66,3.68,3.66
3.61,3.67,3.68,3.66
3.59,3.65,3.66,3.6
3.61,3.67,3.68,3.68
3.62,3.67,3.68,3.66
3.57,3.62,3.63,3.58
3.56,3.62,3.63,3.57
3.57,3.62,3.64,3.61
3.59,3.65,3.67,3.64
3.62,3.67,3.69,3.71
3.66,3.7,3.72,3.73
3.67,3.72,3.73,3.75
3.69,3.73,3.75,3.75
3.7,3.74,3.76,3.75
3.69,3.7,3.77,3.71
3.68,3.72,3.76,3.71
3.67,3.72,3.74,3.71
3.66,3.71,3.73,3.69
3.66,3.71,3.74,3.71
3.63,3.7,3.7,3.69
3.55,3.62,3.63,3.47
3.58,3.63,3.66,3.62
3.59,3.65,3.66,3.64
3.59,3.66,3.67,3.64
3.62,3.67,3.7,3.66
3.65,3.7,3.71,3.72
3.62,3.68,3.7,3.66
3.58,3.64,3.66,3.54
3.58,3.64,3.66,3.62
3.61,3.66,3.69,3.67
3.63,3.68,3.7,3.7
3.65,3.7,3.72,3.71
3.67,3.72,3.73,3.74
3.67,3.72,3.74,3.73
3.66,3.71,3.74,3.69
3.65,3.72,3.71,3.68
3.66,3.72,3.71,3.72
3.58,3.64,3.66,3.58
3.54,3.61,3.62,3.46
3.58,3.64,3.65,3.64
3.62,3.66,3.68,3.7
3.64,3.69,3.71,3.72
3.66,3.71,3.73,3.72
3.65,3.71,3.74,3.7
3.62,3.68,3.68,3.64
3.54,3.62,3.62,3.5
3.56,3.62,3.62,3.57
3.59,3.65,3.67,3.67
3.63,3.7,3.7,3.72
3.66,3.71,3.73,3.74
3.66,3.72,3.74,3.72
3.67,3.72,3.74,3.72
3.67,3.73,3.73,3.72
3.66,3.69,3.74,3.68
3.64,3.66,3.74,3.66
3.6,3.66,3.73,3.56
3.62,3.7,3.7,3.67
3.64,3.7,3.7,3.7
3.63,3.67,3.68,3.67
3.54,3.6,3.61,3.48
3.49,3.54,3.58,3.46
3.48,3.54,3.58,3.51
3.49,3.55,3.57,3.53
3.46,3.54,3.55,3.45
3.48,3.56,3.57,3.52
3.55,3.62,3.62,3.65
3.59,3.65,3.66,3.68
3.62,3.66,3.68,3.67
3.64,3.7,3.71,3.72
3.63,3.68,3.7,3.67
3.58,3.64,3.66,3.55
3.65,3.7,3.73,3.76
3.68,3.73,3.74,3.77
3.66,3.7,3.74,3.68
3.63,3.69,3.7,3.67
3.62,3.65,3.66,3.64
3.62,3.66,3.73,3.63
3.64,3.67,3.73,3.7
3.58,3.66,3.64,3.6
3.54,3.6,3.61,3.47
3.55,3.62,3.63,3.61
3.58,3.64,3.66,3.64
3.62,3.67,3.7,3.71
3.62,3.68,3.7,3.67
3.62,3.67,3.7,3.65
3.62,3.67,3.7,3.66
3.62,3.68,3.7,3.66
3.64,3.7,3.71,3.7
3.65,3.7,3.72,3.71
3.64,3.69,3.72,3.66
3.62,3.67,3.7,3.65
3.6,3.66,3.66,3.61
3.58,3.65,3.63,3.62
3.61,3.66,3.66,3.66
3.63,3.68,3.71,3.71
3.62,3.68,3.72,3.65
3.59,3.66,3.68,3.56
3.6,3.66,3.67,3.65
3.58,3.64,3.65,3.62
3.51,3.54,3.58,3.43
3.58,3.64,3.64,3.69
3.66,3.7,3.72,3.78
3.66,3.72,3.7,3.74
3.65,3.7,3.73,3.68
3.63,3.69,3.7,3.64
3.62,3.67,3.69,3.68
3.62,3.68,3.7,3.69
3.62,3.66,3.7,3.64
3.62,3.67,3.7,3.65
3.64,3.69,3.7,3.71
3.62,3.67,3.69,3.65
3.56,3.58,3.65,3.51
3.56,3.62,3.63,3.55
3.62,3.67,3.7,3.73
3.65,3.7,3.71,3.73
3.58,3.65,3.66,3.61
3.51,3.58,3.61,3.43
3.51,3.57,3.59,3.52
3.52,3.59,3.6,3.57
3.54,3.61,3.62,3.59
3.55,3.62,3.62,3.6
3.54,3.61,3.62,3.57
3.55,3.61,3.63,3.58
3.55,3.62,3.62,3.6
3.58,3.64,3.65,3.63
3.58,3.64,3.66,3.63
3.59,3.65,3.67,3.63
3.62,3.66,3.69,3.67
3.62,3.66,3.69,3.66
3.59,3.66,3.66,3.63
3.54,3.61,3.62,3.52
3.52,3.58,3.61,3.5
3.5,3.58,3.59,3.52
3.52,3.58,3.59,3.54
3.55,3.62,3.62,3.61
3.57,3.63,3.64,3.63
3.58,3.64,3.66,3.63
3.59,3.65,3.66,3.64
3.6,3.65,3.66,3.64
3.61,3.67,3.68,3.67
3.62,3.67,3.7,3.67
3.62,3.68,3.7,3.67
3.62,3.67,3.7,3.65
3.65,3.7,3.72,3.71
3.67,3.73,3.73,3.77
3.66,3.71,3.71,3.71
3.64,3.7,3.71,3.66
3.6,3.65,3.69,3.6
3.58,3.6,3.65,3.55
3.54,3.58,3.62,3.52
3.56,3.62,3.64,3.61
3.56,3.62,3.63,3.6
3.56,3.62,3.63,3.58
3.54,3.61,3.62,3.55
3.54,3.62,3.62,3.57
3.58,3.64,3.65,3.64
3.61,3.66,3.69,3.68
3.62,3.67,3.7,3.68
3.64,3.69,3.7,3.69
3.63,3.66,3.71,3.66
3.62,3.68,3.68,3.65
3.62,3.67,3.67,3.65
3.62,3.68,3.69,3.68
3.63,3.69,3.69,3.69
3.63,3.69,3.7,3.68
3.62,3.67,3.68,3.64
3.58,3.65,3.64,3.58
3.54,3.61,3.66,3.51
3.54,3.6,3.6,3.51
3.58,3.63,3.65,3.67
3.62,3.67,3.68,3.71
3.65,3.7,3.71,3.72
3.64,3.69,3.72,3.65
3.66,3.69,3.72,3.71
3.61,3.68,3.68,3.7
3.62,3.66,3.68,3.72
3.55,3.61,3.62,3.62
3.5,3.57,3.52,3.35
3.46,3.55,3.54,3.48
3.45,3.5,3.53,3.52
3.46,3.54,3.54,3.34
3.5,3.59,3.54,3.58
3.51,3.58,3.6,3.59
3.57,3.63,3.65,3.66
3.62,3.66,3.7,3.73
3.62,3.68,3.7,3.67
3.55,3.62,3.66,3.51
3.53,3.59,3.61,3.45
3.6,3.64,3.67,3.71
3.54,3.55,3.55,3.53
3.42,3.5,3.53,3.29
3.44,3.48,3.56,3.42
3.45,3.5,3.52,3.47
3.48,3.54,3.56,3.54
3.5,3.55,3.58,3.52
3.47,3.54,3.57,3.48
3.46,3.53,3.54,3.45
3.46,3.53,3.55,3.48
3.47,3.54,3.56,3.51
3.5,3.56,3.58,3.53
3.53,3.6,3.61,3.6
3.57,3.63,3.64,3.65
3.58,3.64,3.66,3.65
3.58,3.64,3.66,3.63
3.58,3.64,3.66,3.62
3.58,3.64,3.66,3.62
3.58,3.64,3.66,3.62
3.58,3.65,3.66,3.62
3.6,3.66,3.67,3.65
3.63,3.67,3.7,3.7
3.63,3.69,3.7,3.69
3.64,3.69,3.7,3.68
3.64,3.68,3.7,3.68
3.61,3.66,3.68,3.62
3.58,3.63,3.66,3.59
3.58,3.63,3.65,3.59
3.58,3.64,3.65,3.62
3.61,3.66,3.68,3.67
3.63,3.68,3.7,3.7
3.64,3.7,3.7,3.7
3.64,3.7,3.7,3.69
3.64,3.69,3.7,3.68
3.63,3.68,3.7,3.66
3.63,3.68,3.7,3.66
3.63,3.68,3.7,3.67
3.61,3.67,3.68,3.63
3.58,3.64,3.65,3.6
3.56,3.62,3.63,3.55
3.56,3.62,3.64,3.58
3.6,3.66,3.66,3.67
3.65,3.69,3.71,3.73
3.66,3.71,3.73,3.75
3.66,3.7,3.73,3.69
3.63,3.68,3.7,3.65
3.59,3.64,3.7,3.58
3.57,3.62,3.65,3.51
3.58,3.64,3.66,3.64
3.56,3.63,3.63,3.59
3.54,3.59,3.61,3.52
3.54,3.59,3.61,3.55
3.57,3.64,3.64,3.65
3.58,3.64,3.66,3.64
3.58,3.64,3.66,3.61
3.58,3.64,3.66,3.61
3.57,3.62,3.64,3.58
3.55,3.61,3.62,3.55
3.55,3.61,3.62,3.58
3.55,3.62,3.62,3.58
3.58,3.63,3.65,3.63
3.58,3.64,3.65,3.61
3.58,3.65,3.66,3.61
3.62,3.67,3.68,3.69
3.64,3.7,3.71,3.71
3.65,3.7,3.71,3.69
3.65,3.7,3.71,3.7
3.65,3.7,3.72,3.69
3.65,3.7,3.71,3.69
3.65,3.7,3.71,3.69
3.66,3.7,3.7,3.7
3.63,3.7,3.67,3.67
3.62,3.69,3.7,3.66
3.62,3.67,3.69,3.66
3.61,3.66,3.67,3.63
3.61,3.66,3.66,3.65
3.58,3.65,3.64,3.62
3.55,3.62,3.54,3.54
3.61,3.68,3.66,3.73
3.64,3.69,3.7,3.72
3.62,3.67,3.68,3.68
3.46,3.51,3.55,3.32
3.46,3.53,3.54,3.46
3.52,3.58,3.6,3.58
3.54,3.59,3.62,3.57
3.6,3.65,3.68,3.67
3.65,3.7,3.72,3.76
3.66,3.7,3.71,3.72
3.62,3.68,3.67,3.63
3.6,3.7,3.64,3.65
3.62,3.67,3.63,3.69
3.61,3.62,3.67,3.62
3.66,3.69,3.73,3.78
3.64,3.68,3.72,3.7
3.57,3.62,3.66,3.47
3.62,3.67,3.69,3.64
3.62,3.66,3.69,3.61
3.58,3.62,3.65,3.57
3.54,3.61,3.63,3.52
3.49,3.56,3.58,3.44
3.5,3.57,3.58,3.53
3.51,3.58,3.59,3.54
3.51,3.58,3.59,3.53
3.51,3.57,3.59,3.52
3.5,3.56,3.58,3.52
3.45,3.53,3.54,3.41
3.42,3.49,3.51,3.37
3.42,3.5,3.51,3.43
3.46,3.54,3.55,3.5
3.55,3.61,3.63,3.66
3.62,3.66,3.69,3.75
3.65,3.69,3.71,3.73
3.65,3.7,3.71,3.7
3.65,3.69,3.71,3.68
3.65,3.69,3.7,3.69
3.65,3.69,3.71,3.69
3.66,3.7,3.72,3.7
3.65,3.7,3.71,3.7
3.64,3.69,3.7,3.67
3.65,3.7,3.72,3.69
3.66,3.7,3.7,3.69
3.65,3.7,3.72,3.68
3.6,3.66,3.67,3.55
3.54,3.52,3.63,3.47
3.5,3.53,3.61,3.49
3.51,3.57,3.6,3.56
3.5,3.57,3.6,3.52
3.51,3.58,3.6,3.54
3.57,3.62,3.64,3.65
3.62,3.67,3.69,3.7
3.65,3.69,3.71,3.73
3.62,3.7,3.62,3.66
3.61,3.66,3.66,3.65
3.56,3.62,3.63,3.53
3.59,3.65,3.66,3.66
3.62,3.67,3.69,3.68
3.63,3.69,3.7,3.7
3.63,3.67,3.7,3.67
3.56,3.62,3.65,3.55
3.49,3.54,3.57,3.37
3.53,3.59,3.59,3.58
3.59,3.65,3.66,3.72
3.61,3.66,3.67,3.67
3.59,3.65,3.66,3.62
3.55,3.6,3.62,3.53
3.53,3.58,3.6,3.51
3.53,3.59,3.61,3.55
3.54,3.6,3.61,3.57
3.54,3.6,3.62,3.58
3.54,3.61,3.62,3.57
3.58,3.63,3.66,3.64
3.63,3.69,3.7,3.74
3.67,3.73,3.74,3.77
3.62,3.66,3.7,3.51
3.55,3.58,3.66,3.45
3.52,3.58,3.62,3.77
3.56,3.6,3.62,3.48
3.66,3.71,3.73,3.87
3.7,3.74,3.76,3.81
3.71,3.74,3.76,3.78
3.71,3.75,3.78,3.77
3.71,3.75,3.77,3.76
3.71,3.75,3.78,3.76
3.71,3.75,3.77,3.77
3.7,3.74,3.77,3.74
3.69,3.74,3.75,3.73
3.66,3.71,3.73,3.68
3.5,3.54,3.58,3.34
3.41,3.46,3.5,3.23
3.46,3.51,3.54,3.5
3.5,3.56,3.58,3.57
3.51,3.58,3.59,3.55
3.51,3.57,3.59,3.52
3.5,3.57,3.58,3.51
3.5,3.56,3.58,3.5
3.48,3.55,3.56,3.49
3.47,3.54,3.55,3.48
3.48,3.54,3.57,3.49
3.5,3.56,3.58,3.54
3.5,3.58,3.58,3.54
3.49,3.56,3.58,3.49
3.47,3.54,3.56,3.46
3.47,3.54,3.55,3.47
3.5,3.57,3.57,3.55
3.53,3.58,3.61,3.57
3.58,3.64,3.65,3.68
3.61,3.66,3.67,3.67
3.61,3.66,3.67,3.66
3.61,3.66,3.68,3.65
3.61,3.66,3.68,3.64
3.61,3.66,3.67,3.64
3.61,3.66,3.67,3.64
3.61,3.66,3.68,3.64
3.61,3.66,3.68,3.65
3.61,3.66,3.68,3.65
3.61,3.66,3.67,3.64
3.61,3.66,3.68,3.65
3.62,3.66,3.68,3.65
3.62,3.66,3.68,3.65
3.61,3.66,3.68,3.64
3.6,3.66,3.66,3.61
3.57,3.63,3.63,3.58
3.57,3.62,3.64,3.57
3.57,3.63,3.65,3.61
3.57,3.63,3.64,3.61
3.58,3.64,3.64,3.6
3.58,3.65,3.63,3.59
3.62,3.68,3.69,3.73
3.64,3.69,3.7,3.7
3.65,3.7,3.71,3.7
3.66,3.71,3.72,3.72
3.66,3.7,3.72,3.69
3.63,3.68,3.66,3.68
3.58,3.62,3.64,3.54
3.59,3.65,3.66,3.64
3.61,3.66,3.68,3.67
3.63,3.68,3.7,3.7
3.63,3.69,3.7,3.68
3.62,3.66,3.68,3.63
3.59,3.64,3.66,3.59
3.59,3.64,3.66,3.62
3.59,3.65,3.66,3.63
3.59,3.64,3.66,3.62
3.59,3.65,3.66,3.63
3.62,3.67,3.69,3.68
3.63,3.68,3.7,3.69
3.62,3.67,3.68,3.65
3.59,3.64,3.66,3.59
3.57,3.63,3.63,3.58
3.54,3.61,3.62,3.54
3.54,3.6,3.62,3.54
3.56,3.62,3.64,3.6
3.59,3.65,3.66,3.66
3.62,3.67,3.7,3.69
3.63,3.68,3.7,3.68
3.65,3.69,3.71,3.69
3.65,3.7,3.73,3.71
3.62,3.68,3.69,3.61
3.56,3.63,3.68,3.5
3.54,3.61,3.61,3.55
3.55,3.61,3.62,3.57
3.54,3.59,3.61,3.54
3.51,3.58,3.59,3.51
3.52,3.59,3.59,3.54
3.55,3.6,3.63,3.58
3.59,3.65,3.67,3.68
3.64,3.68,3.7,3.73
3.65,3.7,3.72,3.71
3.66,3.7,3.71,3.7
3.66,3.7,3.72,3.71
3.64,3.7,3.7,3.68
3.65,3.7,3.7,3.69
3.63,3.67,3.69,3.65
3.61,3.66,3.62,3.66
3.61,3.64,3.66,3.6
3.62,3.67,3.68,3.68
3.62,3.66,3.68,3.66
3.52,3.58,3.59,3.49
3.42,3.48,3.51,3.24
3.4,3.49,3.49,3.38
3.46,3.52,3.52,3.49
3.53,3.58,3.62,3.66
3.57,3.63,3.64,3.63
3.59,3.65,3.66,3.67
3.57,3.63,3.64,3.58
3.54,3.61,3.62,3.54
3.55,3.61,3.62,3.57
3.56,3.62,3.63,3.59
3.58,3.65,3.66,3.65
3.62,3.67,3.68,3.69
3.63,3.69,3.7,3.69
3.66,3.7,3.72,3.71
3.66,3.7,3.73,3.71
3.59,3.65,3.66,3.64
3.58,3.62,3.66,3.56
3.5,3.58,3.57,3.47
3.5,3.57,3.58,3.5
3.54,3.59,3.62,3.58
3.61,3.66,3.67,3.72
3.63,3.69,3.7,3.72
3.61,3.67,3.67,3.65
3.58,3.63,3.65,3.55
3.58,3.64,3.66,3.62
3.61,3.66,3.67,3.66
3.61,3.66,3.68,3.66
3.59,3.64,3.66,3.6
3.58,3.63,3.64,3.58
3.58,3.63,3.64,3.61
3.6,3.65,3.66,3.65
3.62,3.68,3.69,3.69
3.62,3.67,3.7,3.66
3.57,3.62,3.64,3.52
3.55,3.6,3.62,3.59
3.57,3.62,3.65,3.63
3.59,3.63,3.66,3.64
3.59,3.65,3.66,3.64
3.59,3.64,3.65,3.62
3.59,3.65,3.67,3.63
3.57,3.62,3.63,3.57
3.54,3.6,3.65,3.51
3.52,3.6,3.58,3.5
3.57,3.62,3.64,3.64
3.6,3.66,3.67,3.67
3.62,3.66,3.68,3.67
3.61,3.66,3.69,3.65
3.58,3.64,3.68,3.56
3.54,3.63,3.59,3.53
3.54,3.6,3.62,3.54
3.6,3.66,3.67,3.69
3.64,3.7,3.7,3.75
3.61,3.68,3.66,3.72
3.55,3.62,3.63,3.63
3.55,3.6,3.62,3.52
3.53,3.59,3.62,3.41
3.54,3.61,3.63,3.47
3.54,3.61,3.62,3.57
3.57,3.62,3.65,3.6
3.58,3.63,3.67,3.62
3.59,3.65,3.67,3.64
3.58,3.65,3.64,3.61
3.54,3.58,3.63,3.52
3.42,3.48,3.52,3.28
3.38,3.46,3.48,3.29
3.44,3.51,3.52,3.51
3.5,3.56,3.58,3.59
3.54,3.6,3.62,3.62
3.56,3.62,3.63,3.62
3.58,3.63,3.64,3.64
3.54,3.59,3.62,3.54
3.49,3.56,3.57,3.43
3.49,3.55,3.57,3.51
3.5,3.56,3.58,3.52
3.49,3.56,3.57,3.51
3.48,3.54,3.56,3.48
3.48,3.54,3.56,3.48
3.49,3.55,3.57,3.51
3.51,3.57,3.59,3.56
3.51,3.58,3.58,3.54
3.51,3.58,3.59,3.54
3.54,3.6,3.62,3.58
3.57,3.62,3.65,3.64
3.58,3.65,3.66,3.65
3.59,3.65,3.66,3.63
3.6,3.65,3.66,3.65
3.59,3.64,3.66,3.63
3.6,3.64,3.66,3.63
3.62,3.68,3.69,3.7
3.63,3.69,3.68,3.7
3.62,3.67,3.67,3.64
3.6,3.65,3.67,3.63
3.58,3.6,3.64,3.56
3.56,3.58,3.65,3.56
3.54,3.6,3.61,3.55
3.54,3.58,3.61,3.55
3.53,3.59,3.61,3.56
3.54,3.59,3.61,3.56
3.54,3.6,3.61,3.57
3.58,3.62,3.65,3.64
3.62,3.67,3.68,3.71
3.62,3.67,3.69,3.7
3.53,3.61,3.6,3.69
3.53,3.58,3.61,3.45
3.54,3.58,3.64,3.53
3.52,3.58,3.62,3.5
3.48,3.56,3.58,3.39
3.49,3.58,3.57,3.49
3.54,3.6,3.62,3.62
3.56,3.62,3.63,3.61
3.6,3.65,3.66,3.67
3.62,3.65,3.69,3.68
3.62,3.65,3.7,3.65
3.61,3.65,3.68,3.62
3.6,3.64,3.67,3.62
3.56,3.62,3.65,3.54
3.58,3.61,3.62,3.61
3.58,3.65,3.63,3.65
3.61,3.66,3.66,3.66
3.59,3.65,3.68,3.58
3.58,3.64,3.66,3.59
3.58,3.63,3.62,3.7
3.52,3.61,3.62,3.66
3.51,3.6,3.6,3.48
3.5,3.54,3.56,3.34
3.52,3.58,3.59,3.53
3.54,3.62,3.62,3.6
3.59,3.64,3.66,3.68
3.61,3.66,3.67,3.67
3.58,3.62,3.67,3.61
3.54,3.61,3.55,3.64
3.54,3.58,3.63,3.68
3.55,3.61,3.63,3.65
3.54,3.61,3.62,3.57
3.54,3.58,3.57,3.57
3.5,3.57,3.59,3.47
3.54,3.6,3.61,3.61
3.55,3.62,3.63,3.6
3.56,3.61,3.63,3.6
3.54,3.61,3.62,3.56
3.52,3.58,3.6,3.52
3.5,3.56,3.58,3.48
3.48,3.55,3.56,3.48
3.48,3.54,3.55,3.48
3.48,3.54,3.56,3.48
3.48,3.54,3.55,3.5
3.48,3.54,3.56,3.49
3.48,3.54,3.56,3.48
3.48,3.55,3.56,3.5
3.5,3.55,3.58,3.52
3.53,3.59,3.6,3.6
3.56,3.62,3.64,3.63
3.58,3.63,3.65,3.63
3.58,3.64,3.66,3.63
3.59,3.64,3.66,3.63
3.59,3.65,3.66,3.63
3.59,3.64,3.66,3.63
3.59,3.65,3.66,3.63
3.6,3.65,3.66,3.64
3.6,3.66,3.67,3.64
3.62,3.66,3.68,3.66
3.61,3.66,3.67,3.66
3.58,3.63,3.65,3.57
3.56,3.62,3.63,3.57
3.55,3.61,3.62,3.57
3.53,3.58,3.61,3.52
3.52,3.58,3.6,3.52
3.52,3.58,3.6,3.55
3.54,3.6,3.62,3.57
3.57,3.62,3.63,3.63
3.57,3.62,3.63,3.6
3.54,3.61,3.62,3.55
3.53,3.59,3.61,3.53
3.54,3.59,3.61,3.56
3.54,3.59,3.62,3.56
3.56,3.62,3.62,3.6
3.58,3.63,3.65,3.65
3.6,3.66,3.67,3.66
3.62,3.66,3.68,3.67
3.61,3.66,3.69,3.65
3.58,3.66,3.63,3.59
3.53,3.61,3.6,3.52
3.53,3.58,3.6,3.54
3.53,3.59,3.6,3.55
3.51,3.57,3.58,3.51
3.47,3.54,3.56,3.46
3.43,3.5,3.52,3.37
3.43,3.51,3.52,3.44
3.46,3.53,3.54,3.48
3.5,3.57,3.58,3.57
3.52,3.58,3.59,3.57
3.53,3.58,3.6,3.56
3.53,3.59,3.61,3.56
3.54,3.6,3.61,3.58
3.54,3.61,3.62,3.58
3.55,3.61,3.62,3.6
3.56,3.62,3.63,3.61
3.58,3.63,3.65,3.62
3.6,3.65,3.66,3.67
3.62,3.67,3.69,3.7
3.62,3.68,3.68,3.68
3.59,3.65,3.66,3.59
3.59,3.64,3.65,3.6
3.58,3.65,3.65,3.62
3.59,3.62,3.67,3.6
3.59,3.65,3.66,3.63
3.57,3.62,3.66,3.6
3.49,3.58,3.59,3.44
3.46,3.55,3.54,3.43
3.48,3.54,3.56,3.53
3.46,3.54,3.55,3.44
3.46,3.54,3.55,3.48
3.46,3.54,3.55,3.48
3.47,3.54,3.54,3.51
3.49,3.54,3.57,3.5
3.52,3.58,3.6,3.58
3.56,3.62,3.62,3.64
3.59,3.63,3.66,3.66
3.61,3.65,3.67,3.66
3.61,3.66,3.67,3.66
3.61,3.66,3.67,3.64
3.6,3.64,3.66,3.62
3.59,3.63,3.67,3.61
3.55,3.61,3.65,3.54
3.58,3.63,3.65,3.6
3.65,3.7,3.7,3.79
3.62,3.66,3.68,3.75
3.62,3.66,3.67,3.62
3.61,3.66,3.67,3.69
3.52,3.57,3.62,3.36
3.54,3.6,3.62,3.55
3.58,3.63,3.66,3.66
3.64,3.69,3.7,3.75
3.64,3.69,3.71,3.7
3.59,3.64,3.66,3.6
3.49,3.57,3.58,3.36
3.49,3.56,3.58,3.49
3.51,3.58,3.58,3.56
3.51,3.58,3.59,3.55
3.49,3.55,3.58,3.48
3.46,3.53,3.54,3.43
3.46,3.53,3.54,3.46
3.47,3.54,3.55,3.5
3.5,3.57,3.58,3.55
3.54,3.58,3.6,3.59
3.55,3.62,3.62,3.61
3.58,3.63,3.65,3.63
3.58,3.63,3.65,3.62
3.58,3.63,3.65,3.61
3.58,3.63,3.65,3.61
3.58,3.64,3.66,3.62
3.59,3.65,3.68,3.64
3.61,3.66,3.68,3.65
3.62,3.66,3.7,3.68
3.59,3.65,3.65,3.58
3.59,3.58,3.62,3.58
3.54,3.58,3.66,3.5
3.55,3.61,3.63,3.6
3.56,3.61,3.63,3.58
3.56,3.62,3.63,3.59
3.58,3.62,3.65,3.61
3.61,3.65,3.68,3.68
3.63,3.68,3.7,3.71
3.62,3.66,3.67,3.64
3.57,3.65,3.64,3.56
3.56,3.63,3.61,3.61
3.54,3.59,3.62,3.5
3.57,3.62,3.64,3.62
3.56,3.62,3.62,3.59
3.52,3.58,3.59,3.52
3.5,3.56,3.58,3.48
3.49,3.54,3.56,3.48
3.49,3.55,3.56,3.5
3.5,3.56,3.58,3.54
3.54,3.6,3.61,3.6
3.55,3.62,3.62,3.61
3.54,3.6,3.61,3.56
3.52,3.58,3.6,3.52
3.53,3.58,3.6,3.55
3.57,3.62,3.64,3.62
3.61,3.66,3.67,3.7
3.62,3.67,3.68,3.68
3.63,3.66,3.7,3.68
3.64,3.69,3.7,3.69
3.58,3.66,3.66,3.52
3.54,3.6,3.62,3.58
3.54,3.6,3.6,3.37
3.55,3.59,3.64,3.42
3.55,3.6,3.63,3.48
3.56,3.62,3.62,3.6
3.64,3.69,3.71,3.8
3.66,3.7,3.71,3.72
3.66,3.7,3.71,3.7
3.66,3.7,3.71,3.71
3.67,3.7,3.73,3.73
3.67,3.71,3.73,3.73
3.65,3.7,3.7,3.69
3.49,3.54,3.56,3.37
3.38,3.47,3.47,3.2
3.4,3.48,3.49,3.39
3.42,3.5,3.51,3.46
3.45,3.53,3.53,3.48
3.48,3.54,3.56,3.51
3.5,3.56,3.58,3.53
3.54,3.6,3.62,3.61
3.58,3.62,3.64,3.64
3.57,3.62,3.63,3.59
3.54,3.59,3.62,3.56
3.46,3.54,3.55,3.41
3.42,3.5,3.5,3.36
3.39,3.48,3.48,3.34
3.39,3.47,3.49,3.4
3.4,3.48,3.48,3.4
3.43,3.5,3.52,3.47
3.48,3.54,3.55,3.54
3.5,3.56,3.58,3.54
3.5,3.57,3.58,3.53
3.53,3.58,3.6,3.58
3.54,3.61,3.62,3.6
3.55,3.61,3.62,3.6
3.55,3.61,3.62,3.58
3.54,3.59,3.61,3.55
3.54,3.59,3.61,3.56
3.55,3.61,3.63,3.6
3.58,3.62,3.64,3.63
3.59,3.65,3.66,3.66
3.6,3.65,3.67,3.64
3.61,3.66,3.67,3.66
3.61,3.65,3.67,3.64
3.57,3.62,3.63,3.58
3.52,3.58,3.59,3.47
3.52,3.58,3.6,3.53
3.54,3.61,3.62,3.59
3.58,3.62,3.64,3.63
3.61,3.65,3.67,3.68
3.62,3.66,3.69,3.68
3.61,3.67,3.69,3.64
3.59,3.66,3.66,3.61
3.58,3.64,3.65,3.61
3.53,3.58,3.65,3.47
3.5,3.56,3.58,3.48
3.49,3.56,3.56,3.48
3.5,3.57,3.58,3.53
3.51,3.58,3.58,3.55
3.54,3.59,3.62,3.58
3.58,3.62,3.64,3.64
3.61,3.66,3.67,3.69
3.61,3.65,3.67,3.65
3.59,3.64,3.69,3.6
3.59,3.64,3.68,3.61
3.57,3.65,3.65,3.59
3.54,3.62,3.61,3.55
3.5,3.57,3.56,3.46
3.5,3.56,3.58,3.51
3.51,3.58,3.59,3.55
3.53,3.58,3.61,3.56
3.57,3.62,3.64,3.63
3.61,3.66,3.67,3.69
3.62,3.66,3.68,3.69
3.57,3.6,3.66,3.54
3.54,3.61,3.62,3.52
3.56,3.61,3.63,3.59
3.58,3.62,3.65,3.61
3.59,3.64,3.66,3.64
3.58,3.63,3.65,3.6
3.54,3.59,3.62,3.52
3.54,3.59,3.62,3.55
3.56,3.61,3.64,3.6
3.6,3.65,3.66,3.67
3.63,3.67,3.69,3.71
3.63,3.66,3.69,3.67
3.58,3.64,3.66,3.6
3.59,3.63,3.66,3.63
3.59,3.64,3.65,3.62
3.59,3.64,3.66,3.65
3.58,3.63,3.65,3.56
3.54,3.6,3.62,3.54
3.52,3.56,3.6,3.5
3.52,3.58,3.61,3.54
3.56,3.61,3.63,3.62
3.57,3.63,3.63,3.62
3.58,3.62,3.65,3.61
3.56,3.62,3.63,3.59
3.54,3.6,3.62,3.54
3.54,3.6,3.62,3.55
3.56,3.61,3.62,3.61
3.59,3.64,3.66,3.66
3.61,3.66,3.66,3.66
3.62,3.66,3.67,3.67
3.62,3.66,3.68,3.67
3.62,3.66,3.68,3.66
3.62,3.66,3.68,3.66
3.62,3.66,3.68,3.66
3.62,3.67,3.69,3.66
3.63,3.68,3.7,3.68
3.62,3.68,3.67,3.67
3.62,3.67,3.68,3.65
3.61,3.66,3.66,3.66
3.54,3.59,3.66,3.46
3.51,3.58,3.6,3.48
3.53,3.58,3.61,3.56
3.49,3.56,3.58,3.47
3.48,3.54,3.56,3.45
3.49,3.55,3.56,3.5
3.54,3.59,3.62,3.61
3.6,3.65,3.66,3.71
3.62,3.67,3.68,3.68
3.61,3.65,3.67,3.64
3.58,3.63,3.64,3.58
3.56,3.61,3.63,3.56
3.55,3.62,3.62,3.57
3.58,3.62,3.64,3.61
3.6,3.65,3.66,3.67
3.6,3.65,3.66,3.63
3.6,3.65,3.67,3.63
3.62,3.66,3.68,3.67
3.62,3.65,3.69,3.64
3.62,3.66,3.69,3.64
3.62,3.66,3.69,3.66
3.61,3.66,3.67,3.62
3.59,3.64,3.66,3.57
3.58,3.64,3.63,3.7
3.58,3.63,3.65,3.63
3.54,3.58,3.63,3.63
3.5,3.57,3.58,3.51
3.47,3.54,3.52,3.48
3.48,3.54,3.54,3.45
3.54,3.61,3.61,3.64
3.6,3.65,3.66,3.72
3.59,3.64,3.66,3.62
3.54,3.58,3.62,3.51
3.49,3.56,3.57,3.45
3.52,3.58,3.58,3.56
3.56,3.61,3.63,3.63
3.58,3.63,3.65,3.65
3.59,3.65,3.66,3.64
3.59,3.66,3.66,3.62
3.58,3.65,3.65,3.61
3.58,3.61,3.62,3.6
3.56,3.62,3.58,3.59
3.58,3.62,3.65,3.61
3.62,3.66,3.68,3.69
3.62,3.66,3.66,3.68
3.58,3.62,3.64,3.62
3.53,3.59,3.58,3.57
3.51,3.56,3.61,3.39
3.52,3.58,3.58,3.42
3.53,3.58,3.58,3.59
3.53,3.59,3.62,3.54
3.53,3.62,3.62,3.55
3.54,3.62,3.58,3.59
3.58,3.63,3.61,3.66
3.61,3.65,3.66,3.68
3.58,3.62,3.64,3.54
3.57,3.63,3.65,3.54
3.58,3.63,3.65,3.69
3.54,3.58,3.61,3.58
3.52,3.58,3.6,3.25
3.51,3.55,3.61,3.59
3.5,3.57,3.58,3.68
3.46,3.54,3.58,3.45
3.48,3.55,3.57,3.46
3.54,3.6,3.61,3.62
3.59,3.64,3.66,3.69
3.59,3.63,3.65,3.64
3.58,3.62,3.65,3.59
3.55,3.61,3.6,3.57
3.52,3.6,3.59,3.5
3.58,3.64,3.64,3.69
3.59,3.64,3.66,3.65
3.46,3.54,3.55,3.37
3.42,3.5,3.5,3.35
3.46,3.52,3.53,3.49
3.5,3.56,3.57,3.56
3.54,3.59,3.61,3.61
3.57,3.62,3.63,3.63
3.57,3.62,3.63,3.61
3.58,3.63,3.64,3.62
3.58,3.63,3.65,3.62
3.55,3.61,3.62,3.57
3.52,3.58,3.58,3.48
3.52,3.58,3.59,3.55
3.53,3.59,3.6,3.56
3.53,3.59,3.6,3.55
3.52,3.58,3.59,3.53
3.5,3.57,3.58,3.51
3.5,3.56,3.57,3.5
3.5,3.55,3.58,3.5
3.5,3.56,3.58,3.51
3.52,3.58,3.59,3.57
3.55,3.62,3.62,3.62
3.58,3.63,3.64,3.64
3.6,3.64,3.66,3.65
3.62,3.66,3.69,3.69
3.61,3.65,3.67,3.64
3.61,3.65,3.66,3.63
3.59,3.64,3.66,3.62
3.58,3.62,3.64,3.58
3.58,3.62,3.66,3.6
3.58,3.63,3.65,3.62
3.58,3.62,3.67,3.58
3.59,3.62,3.65,3.63
3.54,3.62,3.61,3.53
3.5,3.55,3.58,3.45
3.53,3.58,3.61,3.57
3.55,3.61,3.62,3.61
3.57,3.62,3.64,3.62
3.58,3.63,3.65,3.63
3.58,3.62,3.65,3.61
3.56,3.64,3.62,3.55
3.58,3.65,3.63,3.65
3.58,3.62,3.65,3.62
3.56,3.61,3.62,3.59
3.57,3.62,3.64,3.6
3.58,3.62,3.64,3.62
3.55,3.61,3.62,3.55
3.52,3.61,3.6,3.51
3.54,3.59,3.6,3.56
3.55,3.61,3.62,3.6
3.58,3.62,3.63,3.62
3.59,3.64,3.66,3.65
3.58,3.62,3.66,3.59
3.56,3.62,3.62,3.57
3.52,3.6,3.61,3.49
3.5,3.55,3.55,3.49
3.48,3.58,3.55,3.49
3.55,3.59,3.63,3.65
3.58,3.62,3.66,3.63
3.58,3.62,3.66,3.58
3.58,3.62,3.66,3.65
3.55,3.61,3.62,3.61
3.58,3.62,3.64,3.63
3.55,3.6,3.62,3.44
3.54,3.61,3.59,3.45
3.5,3.6,3.57,3.56
3.49,3.57,3.54,3.64
3.53,3.59,3.62,3.59
3.55,3.62,3.63,3.56
3.53,3.58,3.61,3.66
3.53,3.59,3.59,3.44
3.6,3.64,3.66,3.73
3.58,3.62,3.64,3.59
3.5,3.56,3.55,3.47
3.51,3.57,3.55,3.56
3.48,3.5,3.55,3.48
3.48,3.54,3.54,3.48
3.52,3.58,3.59,3.6
3.52,3.58,3.59,3.56
3.54,3.59,3.62,3.55
3.59,3.64,3.66,3.69
3.6,3.65,3.66,3.66
3.58,3.63,3.64,3.6
3.53,3.61,3.59,3.53
3.48,3.54,3.56,3.42
3.49,3.55,3.55,3.52
3.5,3.56,3.58,3.52
3.5,3.57,3.58,3.53
3.5,3.57,3.58,3.53
3.5,3.57,3.58,3.52
3.51,3.57,3.58,3.53
3.51,3.58,3.58,3.53
3.52,3.58,3.59,3.56
3.52,3.58,3.59,3.55
3.51,3.58,3.58,3.53
3.51,3.56,3.58,3.52
3.51,3.57,3.58,3.53
3.51,3.58,3.58,3.53
3.54,3.59,3.61,3.58
3.56,3.61,3.62,3.61
3.58,3.62,3.64,3.62
3.59,3.64,3.66,3.64
3.6,3.65,3.66,3.65
3.62,3.65,3.67,3.66
3.61,3.66,3.66,3.64
3.6,3.63,3.66,3.61
3.59,3.65,3.66,3.62
3.59,3.64,3.66,3.63
3.58,3.62,3.66,3.59
3.55,3.61,3.62,3.53
3.51,3.59,3.61,3.51
3.51,3.58,3.58,3.49
3.54,3.6,3.61,3.58
3.55,3.61,3.62,3.6
3.57,3.62,3.63,3.61
3.58,3.63,3.64,3.63
3.57,3.62,3.63,3.59
3.55,3.61,3.62,3.56
3.55,3.59,3.62,3.57
3.55,3.61,3.63,3.58
3.59,3.64,3.66,3.66
3.62,3.66,3.67,3.68
3.61,3.66,3.67,3.64
3.6,3.66,3.66,3.63
3.59,3.65,3.66,3.62
3.58,3.63,3.65,3.6
3.56,3.61,3.63,3.55
3.56,3.63,3.64,3.6
3.55,3.63,3.58,3.58
3.58,3.61,3.62,3.61
3.55,3.61,3.64,3.56
3.53,3.59,3.6,3.51
3.56,3.61,3.62,3.61
3.58,3.64,3.65,3.64
3.6,3.65,3.66,3.66
3.61,3.66,3.67,3.65
3.6,3.64,3.66,3.61
3.59,3.64,3.66,3.62
3.59,3.64,3.66,3.6
3.58,3.62,3.66,3.59
3.54,3.6,3.66,3.51
3.54,3.6,3.62,3.55
3.57,3.62,3.64,3.62
3.58,3.63,3.64,3.62
3.55,3.6,3.62,3.55
3.52,3.57,3.59,3.49
3.51,3.57,3.59,3.51
3.52,3.58,3.59,3.53
3.55,3.61,3.62,3.6
3.58,3.63,3.66,3.65
3.61,3.65,3.66,3.66
3.59,3.65,3.66,3.64
3.57,3.62,3.66,3.56
3.52,3.59,3.6,3.5
3.52,3.58,3.6,3.5
3.54,3.58,3.61,3.56
3.54,3.59,3.62,3.56
3.54,3.6,3.61,3.57
3.55,3.6,3.62,3.58
3.56,3.62,3.62,3.6
3.56,3.62,3.62,3.59
3.58,3.62,3.65,3.61
3.6,3.64,3.66,3.65
3.61,3.66,3.66,3.66
3.61,3.65,3.66,3.65
3.57,3.62,3.66,3.55
3.57,3.65,3.64,3.6
3.57,3.66,3.58,3.62
3.58,3.65,3.64,3.64
3.59,3.62,3.64,3.62
3.59,3.65,3.65,3.65
3.6,3.65,3.66,3.63
3.61,3.65,3.67,3.65
3.62,3.65,3.66,3.65
3.61,3.65,3.67,3.63
3.61,3.65,3.67,3.63
3.58,3.63,3.65,3.4
3.56,3.62,3.62,3.49
3.58,3.62,3.66,3.67
3.58,3.64,3.66,3.62
3.57,3.62,3.63,3.57
3.55,3.56,3.68,3.53
3.55,3.6,3.64,3.55
3.54,3.59,3.62,3.57
3.52,3.58,3.58,3.52
3.53,3.58,3.59,3.55
3.54,3.59,3.61,3.58
3.54,3.59,3.62,3.57
3.58,3.63,3.63,3.64
3.6,3.65,3.66,3.66
3.6,3.64,3.66,3.64
3.58,3.62,3.64,3.57
3.58,3.62,3.65,3.6
3.58,3.62,3.64,3.61
3.58,3.62,3.65,3.61
3.58,3.63,3.65,3.61
3.6,3.64,3.66,3.64
3.62,3.66,3.66,3.66
3.61,3.66,3.66,3.65
3.62,3.66,3.67,3.65
3.61,3.66,3.66,3.64
3.59,3.64,3.65,3.64
3.53,3.57,3.62,3.45
3.54,3.58,3.62,3.55
3.57,3.62,3.63,3.61
3.59,3.63,3.66,3.65
3.6,3.64,3.66,3.65
3.55,3.61,3.63,3.55
3.5,3.56,3.58,3.45
3.5,3.56,3.57,3.5
3.49,3.55,3.56,3.49
3.46,3.54,3.54,3.44
3.46,3.53,3.54,3.47
3.46,3.53,3.55,3.47
3.47,3.54,3.54,3.48
3.5,3.56,3.57,3.53
3.5,3.57,3.58,3.54
3.5,3.57,3.58,3.53
3.5,3.57,3.58,3.52
3.53,3.58,3.6,3.56
3.57,3.62,3.63,3.64
3.59,3.64,3.65,3.66
3.6,3.64,3.66,3.64
3.58,3.62,3.65,3.6
3.56,3.61,3.63,3.55
3.57,3.62,3.62,3.6
3.58,3.62,3.64,3.62
3.59,3.63,3.66,3.64
3.6,3.65,3.66,3.65
3.59,3.64,3.58,3.68
3.58,3.64,3.62,3.63
3.6,3.64,3.64,3.66
3.61,3.65,3.66,3.66
3.6,3.63,3.67,3.62
3.58,3.61,3.56,3.61
3.6,3.61,3.6,3.65
3.59,3.62,3.63,3.62
3.57,3.61,3.7,3.56
3.56,3.61,3.7,3.54
3.58,3.63,3.69,3.62
3.6,3.62,3.66,3.62
3.59,3.64,3.63,3.61
3.58,3.62,3.65,3.6
3.58,3.62,3.66,3.6
3.54,3.6,3.62,3.54
3.58,3.62,3.65,3.66
3.61,3.65,3.67,3.66
3.6,3.64,3.66,3.66
3.58,3.63,3.6,3.63
3.54,3.59,3.62,3.64
3.5,3.56,3.58,3.47
3.5,3.57,3.58,3.46
3.48,3.54,3.54,3.43
3.46,3.52,3.55,3.45
3.49,3.54,3.56,3.51
3.55,3.6,3.62,3.64
3.55,3.61,3.62,3.6
3.47,3.54,3.55,3.38
3.49,3.54,3.56,3.47
3.53,3.58,3.6,3.62
3.49,3.55,3.56,3.48
3.51,3.56,3.58,3.5
3.58,3.62,3.65,3.69
3.6,3.65,3.66,3.68
3.58,3.64,3.65,3.6
3.53,3.59,3.59,3.49
3.54,3.58,3.6,3.55
3.53,3.58,3.59,3.54
3.5,3.57,3.58,3.5
3.5,3.56,3.57,3.51
3.5,3.56,3.58,3.51
3.5,3.56,3.58,3.52
3.53,3.58,3.6,3.57
3.55,3.61,3.62,3.6
3.6,3.65,3.66,3.7
3.61,3.64,3.66,3.65
3.6,3.63,3.67,3.61
3.6,3.65,3.66,3.62
3.56,3.61,3.62,3.5
3.52,3.57,3.58,3.71
3.5,3.58,3.57,3.4
3.58,3.63,3.64,3.7
3.64,3.67,3.69,3.76
3.66,3.69,3.7,3.72
3.66,3.7,3.7,3.71
3.66,3.7,3.71,3.7
3.66,3.7,3.71,3.7
3.66,3.69,3.71,3.69
3.66,3.69,3.71,3.71
3.59,3.64,3.66,3.58
3.44,3.53,3.5,3.26
3.46,3.53,3.53,3.43
3.51,3.57,3.59,3.59
3.54,3.58,3.61,3.58
3.52,3.58,3.59,3.53
3.54,3.58,3.61,3.56
3.53,3.59,3.6,3.55
3.52,3.58,3.58,3.52
3.51,3.56,3.58,3.5
3.51,3.56,3.58,3.52
3.51,3.57,3.58,3.52
3.51,3.56,3.58,3.52
3.53,3.59,3.6,3.56
3.56,3.6,3.62,3.62
3.56,3.61,3.62,3.59
3.52,3.58,3.59,3.51
3.47,3.54,3.55,3.42
3.46,3.52,3.54,3.44
3.46,3.52,3.54,3.46
3.48,3.54,3.56,3.51
3.5,3.56,3.58,3.54
3.54,3.59,3.61,3.6
3.55,3.6,3.62,3.6
3.54,3.6,3.62,3.57
3.53,3.58,3.59,3.52
3.53,3.58,3.59,3.53
3.53,3.58,3.59,3.55
3.54,3.58,3.61,3.57
3.54,3.58,3.61,3.56
3.55,3.59,3.62,3.57
3.56,3.61,3.62,3.61
3.56,3.62,3.62,3.59
3.58,3.62,3.63,3.62
3.58,3.62,3.64,3.61
3.58,3.62,3.64,3.61
3.56,3.62,3.62,3.58
3.56,3.6,3.62,3.57
3.56,3.6,3.62,3.57
3.56,3.6,3.63,3.58
3.56,3.61,3.62,3.59
3.58,3.62,3.64,3.63
3.59,3.64,3.66,3.64
3.6,3.64,3.66,3.63
3.6,3.64,3.66,3.63
3.59,3.63,3.65,3.61
3.58,3.62,3.64,3.58
3.58,3.62,3.63,3.6
3.6,3.64,3.66,3.65
3.61,3.66,3.66,3.65
3.62,3.66,3.68,3.67
3.62,3.66,3.68,3.66
3.62,3.65,3.67,3.63
3.61,3.64,3.66,3.63
3.59,3.64,3.65,3.61
3.58,3.63,3.65,3.59
3.58,3.63,3.65,3.62
3.59,3.64,3.65,3.63
3.59,3.62,3.66,3.61
3.54,3.61,3.58,3.55
3.52,3.57,3.58,3.44
3.54,3.58,3.6,3.58
3.54,3.59,3.6,3.57
3.54,3.58,3.61,3.55
3.53,3.58,3.59,3.54
3.52,3.58,3.58,3.54
3.51,3.57,3.58,3.51
3.53,3.58,3.59,3.55
3.51,3.58,3.59,3.54
3.43,3.5,3.5,3.35
3.44,3.51,3.51,3.43
3.52,3.58,3.59,3.61
3.58,3.62,3.64,3.66
3.6,3.65,3.66,3.68
3.59,3.63,3.66,3.61
3.59,3.62,3.65,3.61
3.56,3.59,3.62,3.5
3.57,3.62,3.62,3.49
3.6,3.64,3.65,3.67
3.6,3.65,3.66,3.64
3.6,3.64,3.66,3.62
3.58,3.62,3.62,3.59
3.53,3.58,3.59,3.5
3.52,3.53,3.62,3.5
3.53,3.57,3.61,3.55
3.53,3.58,3.59,3.54
3.53,3.56,3.58,3.55
3.5,3.54,3.57,3.49
3.45,3.52,3.53,3.37
3.46,3.52,3.54,3.49
3.48,3.54,3.57,3.49
3.49,3.54,3.57,3.5
3.49,3.54,3.56,3.49
3.5,3.55,3.58,3.52
3.54,3.58,3.6,3.59
3.56,3.61,3.63,3.62
3.59,3.63,3.65,3.66
3.59,3.63,3.66,3.64
3.58,3.62,3.64,3.59
3.59,3.63,3.66,3.63
3.6,3.64,3.66,3.65
3.59,3.63,3.65,3.6
3.57,3.62,3.62,3.61
3.54,3.58,3.62,3.55
3.49,3.54,3.57,3.42
3.53,3.58,3.6,3.59
3.58,3.62,3.64,3.66
3.58,3.63,3.64,3.66
3.5,3.56,3.57,3.42
3.47,3.54,3.54,3.41
3.5,3.54,3.57,3.53
3.5,3.55,3.57,3.51
3.52,3.57,3.59,3.54
3.57,3.61,3.63,3.66
3.58,3.62,3.64,3.63
3.58,3.62,3.64,3.61
3.57,3.62,3.62,3.59
3.56,3.61,3.61,3.57
3.56,3.61,3.62,3.58
3.55,3.61,3.62,3.58
3.53,3.56,3.6,3.51
3.5,3.55,3.57,3.47
3.52,3.58,3.59,3.56
3.58,3.62,3.64,3.66
3.58,3.61,3.64,3.69
3.49,3.55,3.56,3.33
3.56,3.62,3.62,3.63
3.56,3.62,3.62,3.63
3.54,3.58,3.58,3.45
3.52,3.59,3.6,3.52
3.54,3.58,3.61,3.55
3.58,3.62,3.63,3.63
3.57,3.62,3.61,3.63
3.58,3.62,3.62,3.62
3.5,3.57,3.57,3.41
3.49,3.52,3.54,3.49
3.38,3.46,3.51,3.26
3.44,3.5,3.52,3.45
3.49,3.55,3.55,3.56
3.54,3.58,3.6,3.6
3.57,3.61,3.63,3.63
3.58,3.63,3.65,3.64
3.55,3.6,3.62,3.5
3.54,3.59,3.62,3.54
3.55,3.58,3.62,3.57
3.54,3.59,3.61,3.54
3.56,3.6,3.62,3.59
3.58,3.61,3.64,3.61
3.54,3.61,3.62,3.45
3.54,3.59,3.59,3.58
3.55,3.57,3.62,3.66
3.53,3.58,3.61,3.47
3.6,3.64,3.66,3.72
3.62,3.66,3.68,3.69
3.6,3.64,3.66,3.62
3.54,3.61,3.63,3.52
3.53,3.58,3.59,3.46
3.54,3.6,3.59,3.58
3.56,3.6,3.62,3.6
3.55,3.61,3.62,3.58
3.55,3.59,3.61,3.57
3.53,3.59,3.6,3.54
3.5,3.57,3.54,3.5
3.5,3.56,3.57,3.48
3.53,3.58,3.6,3.59
3.54,3.58,3.61,3.57
3.57,3.62,3.63,3.63
3.57,3.62,3.62,3.61
3.51,3.56,3.58,3.49
3.44,3.5,3.52,3.35
3.45,3.5,3.52,3.46
3.46,3.52,3.53,3.48
3.48,3.54,3.56,3.51
3.51,3.57,3.58,3.58
3.53,3.58,3.6,3.56
3.53,3.58,3.6,3.56
3.5,3.57,3.58,3.52
3.47,3.53,3.54,3.44
3.46,3.52,3.54,3.46
3.46,3.51,3.53,3.45
3.44,3.5,3.52,3.44
3.44,3.5,3.52,3.44
3.46,3.53,3.54,3.5
3.48,3.54,3.55,3.51
3.5,3.55,3.58,3.55
3.49,3.54,3.56,3.51
3.43,3.5,3.51,3.38
3.4,3.46,3.49,3.34
3.4,3.47,3.49,3.4
3.41,3.48,3.5,3.41
3.49,3.54,3.57,3.57
3.54,3.58,3.61,3.62
3.55,3.59,3.62,3.6
3.55,3.59,3.61,3.58
3.56,3.6,3.62,3.59
3.57,3.61,3.63,3.61
3.55,3.58,3.61,3.55
3.51,3.55,3.61,3.48
3.48,3.53,3.56,3.42
3.48,3.54,3.55,3.51
3.48,3.54,3.55,3.48
3.48,3.54,3.55,3.5
3.49,3.54,3.55,3.51
3.49,3.54,3.56,3.5
3.51,3.55,3.58,3.54
3.52,3.57,3.59,3.55
3.53,3.58,3.59,3.57
3.53,3.58,3.59,3.55
3.53,3.58,3.59,3.55
3.54,3.59,3.6,3.58
3.55,3.59,3.62,3.6
3.55,3.61,3.62,3.6
3.55,3.6,3.62,3.58
3.55,3.6,3.62,3.58
3.55,3.6,3.62,3.58
3.58,3.62,3.65,3.65
3.59,3.65,3.66,3.66
3.59,3.64,3.66,3.6
3.56,3.59,3.62,3.54
3.5,3.57,3.58,3.43
3.44,3.5,3.55,3.4
3.45,3.5,3.55,3.39
3.42,3.51,3.42,3.43
3.46,3.52,3.53,3.5
3.51,3.55,3.59,3.6
3.53,3.58,3.6,3.58
3.45,3.54,3.52,3.43
3.51,3.58,3.55,3.5
3.58,3.62,3.63,3.7
3.6,3.63,3.65,3.66
3.61,3.64,3.66,3.66
3.61,3.66,3.66,3.66
3.61,3.64,3.66,3.64
3.58,3.62,3.64,3.58
3.43,3.5,3.54,3.29
3.37,3.45,3.46,3.27
3.37,3.45,3.46,3.3
3.38,3.46,3.47,3.41
3.39,3.47,3.48,3.4
3.42,3.48,3.5,3.43
3.46,3.52,3.54,3.51
3.48,3.54,3.55,3.52
3.47,3.54,3.54,3.49
3.47,3.53,3.55,3.48
3.47,3.53,3.54,3.49
3.5,3.56,3.57,3.54
3.53,3.58,3.6,3.58
3.54,3.6,3.61,3.6
3.56,3.61,3.62,3.6
3.57,3.62,3.62,3.61
3.57,3.62,3.63,3.6
3.57,3.61,3.62,3.6
3.56,3.61,3.62,3.59
3.56,3.61,3.63,3.59
3.57,3.61,3.63,3.6
3.57,3.62,3.63,3.61
3.58,3.62,3.64,3.62
3.58,3.62,3.63,3.61
3.58,3.62,3.63,3.61
3.58,3.62,3.64,3.61
3.58,3.62,3.64,3.62
3.57,3.62,3.62,3.61
3.55,3.59,3.62,3.57
3.49,3.54,3.61,3.43
3.47,3.54,3.54,3.43
3.5,3.55,3.57,3.56
3.48,3.54,3.55,3.48
3.46,3.51,3.54,3.44
3.44,3.51,3.52,3.43
3.46,3.52,3.54,3.47
3.5,3.55,3.58,3.55
3.54,3.59,3.61,3.62
3.57,3.62,3.63,3.64
3.58,3.62,3.64,3.63
3.57,3.6,3.62,3.58
3.5,3.58,3.55,3.49
3.5,3.57,3.57,3.48
3.54,3.58,3.61,3.61
3.57,3.61,3.62,3.62
3.58,3.62,3.63,3.62
3.56,3.61,3.62,3.58
3.53,3.58,3.6,3.53
3.52,3.58,3.59,3.51
3.55,3.6,3.61,3.61
3.56,3.6,3.62,3.6
3.53,3.58,3.59,3.53
3.48,3.54,3.56,3.43
3.47,3.54,3.56,3.46
3.48,3.54,3.56,3.5
3.49,3.54,3.56,3.51
3.49,3.54,3.56,3.5
3.49,3.54,3.56,3.5
3.49,3.54,3.56,3.5
3.49,3.54,3.56,3.51
3.5,3.56,3.58,3.54
3.52,3.57,3.58,3.56
3.53,3.58,3.6,3.56
3.55,3.6,3.62,3.61
3.57,3.61,3.63,3.61
3.57,3.61,3.62,3.6
3.57,3.61,3.63,3.59
3.58,3.62,3.63,3.61
3.58,3.62,3.64,3.62
3.55,3.62,3.64,3.57
3.56,3.62,3.63,3.59
3.57,3.62,3.64,3.61
3.55,3.6,3.61,3.66
3.49,3.55,3.57,3.28
3.49,3.56,3.57,3.65
3.54,3.59,3.6,3.49
3.58,3.62,3.64,3.69
3.5,3.57,3.58,3.46
3.49,3.55,3.53,3.46
3.49,3.59,3.53,3.55
3.47,3.54,3.56,3.44
3.49,3.55,3.57,3.51
3.54,3.58,3.6,3.58
3.56,3.61,3.62,3.63
3.55,3.59,3.62,3.57
3.53,3.59,3.6,3.52
3.53,3.59,3.61,3.55
3.54,3.59,3.59,3.57
3.56,3.6,3.62,3.59
3.55,3.61,3.62,3.58
3.5,3.58,3.58,3.3
3.54,3.59,3.61,3.66
3.46,3.53,3.52,3.37
3.45,3.52,3.53,3.42
3.49,3.54,3.56,3.53
3.5,3.55,3.57,3.54
3.48,3.54,3.56,3.48
3.46,3.51,3.54,3.43
3.42,3.5,3.5,3.4
3.42,3.49,3.5,3.42
3.41,3.47,3.5,3.39
3.39,3.46,3.48,3.36
3.38,3.46,3.47,3.39
3.38,3.46,3.48,3.39
3.38,3.46,3.48,3.38
3.39,3.47,3.48,3.41
3.42,3.48,3.5,3.43
3.49,3.54,3.57,3.59
3.55,3.59,3.61,3.66
3.53,3.54,3.59,3.45
3.59,3.62,3.65,3.75
3.61,3.64,3.66,3.68
3.6,3.64,3.66,3.65
3.55,3.6,3.62,3.55
3.48,3.54,3.57,3.41
3.42,3.49,3.5,3.36
3.41,3.47,3.5,3.4
3.41,3.48,3.5,3.41
3.42,3.49,3.5,3.44
3.45,3.51,3.54,3.48
3.51,3.58,3.58,3.59
3.54,3.6,3.61,3.62
3.53,3.58,3.6,3.56
3.5,3.55,3.56,3.47
3.5,3.54,3.57,3.51
3.5,3.56,3.58,3.54
3.51,3.57,3.58,3.55
3.5,3.56,3.58,3.53
3.5,3.54,3.57,3.49
3.5,3.55,3.57,3.51
3.51,3.57,3.59,3.56
3.54,3.6,3.61,3.61
3.58,3.62,3.64,3.65
3.57,3.62,3.62,3.63
3.47,3.52,3.55,3.37
3.46,3.52,3.54,3.42
3.52,3.57,3.58,3.6
3.56,3.61,3.63,3.65
3.57,3.61,3.64,3.63
3.51,3.57,3.59,3.49
3.43,3.51,3.52,3.33
3.42,3.5,3.52,3.41
3.42,3.5,3.51,3.43
3.41,3.48,3.5,3.41
3.4,3.47,3.49,3.38
3.41,3.48,3.5,3.41
3.44,3.5,3.52,3.48
3.49,3.55,3.57,3.56
3.5,3.56,3.58,3.56
3.51,3.57,3.58,3.55
3.54,3.58,3.61,3.58
3.58,3.61,3.64,3.65
3.58,3.62,3.64,3.65
3.58,3.62,3.64,3.6
3.58,3.62,3.64,3.62
3.56,3.6,3.62,3.56
3.54,3.6,3.61,3.6
3.56,3.6,3.62,3.61
3.56,3.61,3.62,3.61
3.56,3.61,3.63,3.59
3.58,3.62,3.65,3.63
3.53,3.59,3.6,3.49
3.59,3.62,3.65,3.71
3.59,3.63,3.66,3.65
3.58,3.62,3.63,3.59
3.51,3.56,3.58,3.51
3.5,3.54,3.57,3.49
3.42,3.51,3.52,3.35
3.45,3.52,3.53,3.45
3.5,3.57,3.58,3.58
3.54,3.58,3.61,3.6
3.51,3.57,3.58,3.53
3.5,3.56,3.58,3.5
3.5,3.55,3.58,3.53
3.5,3.55,3.58,3.52
3.5,3.56,3.58,3.52
3.47,3.52,3.56,3.45
3.46,3.52,3.54,3.46
3.44,3.5,3.53,3.43
3.41,3.49,3.5,3.38
3.39,3.47,3.48,3.38
3.38,3.46,3.47,3.37
3.38,3.45,3.47,3.37
3.37,3.46,3.46,3.37
3.37,3.46,3.47,3.37
3.38,3.46,3.47,3.38
3.39,3.47,3.49,3.41
3.43,3.5,3.52,3.48
3.47,3.53,3.55,3.54
3.5,3.56,3.58,3.56
3.51,3.57,3.59,3.56
3.52,3.58,3.6,3.56
3.5,3.57,3.58,3.53
3.5,3.55,3.58,3.5
3.5,3.55,3.58,3.52
3.51,3.58,3.58,3.57
3.52,3.57,3.59,3.55
3.53,3.58,3.6,3.57
3.51,3.58,3.58,3.54
3.49,3.55,3.57,3.49
3.47,3.54,3.55,3.47
3.46,3.52,3.55,3.47
3.46,3.53,3.54,3.48
3.48,3.54,3.57,3.54
3.5,3.55,3.58,3.53
3.52,3.56,3.6,3.54
3.55,3.59,3.62,3.62
3.56,3.6,3.63,3.61
3.54,3.58,3.61,3.61
3.56,3.61,3.62,3.62
3.56,3.61,3.62,3.6
3.54,3.58,3.6,3.56
3.49,3.58,3.59,3.45
3.5,3.58,3.58,3.56
3.5,3.55,3.58,3.5
3.47,3.54,3.55,3.46
3.46,3.53,3.55,3.47
3.48,3.54,3.55,3.51
3.52,3.58,3.6,3.6
3.54,3.59,3.61,3.6
3.54,3.59,3.61,3.57
3.51,3.57,3.59,3.53
3.48,3.54,3.55,3.46
3.46,3.53,3.54,3.45
3.47,3.53,3.55,3.5
3.49,3.54,3.57,3.52
3.5,3.56,3.58,3.55
3.5,3.56,3.57,3.53
3.48,3.54,3.56,3.49
3.48,3.54,3.57,3.49
3.53,3.58,3.59,3.6
3.54,3.59,3.62,3.62
3.53,3.59,3.61,3.55
3.51,3.58,3.56,3.53
3.5,3.58,3.52,3.54
3.46,3.54,3.54,3.46
3.5,3.56,3.58,3.56
3.53,3.58,3.6,3.6
3.51,3.57,3.59,3.54
3.48,3.54,3.56,3.45
3.47,3.54,3.55,3.49
3.5,3.55,3.58,3.54
3.5,3.56,3.58,3.55
3.5,3.56,3.58,3.52
3.49,3.55,3.56,3.5
3.47,3.54,3.56,3.48
3.47,3.54,3.55,3.5
3.48,3.54,3.55,3.51
3.5,3.55,3.58,3.54
3.51,3.56,3.58,3.56
3.52,3.57,3.59,3.56
3.53,3.58,3.6,3.57
3.54,3.58,3.6,3.57
3.54,3.6,3.62,3.59
3.56,3.6,3.62,3.61
3.55,3.61,3.62,3.59
3.55,3.59,3.62,3.58
3.53,3.58,3.6,3.53
3.51,3.57,3.59,3.52
3.5,3.57,3.58,3.52
3.51,3.56,3.58,3.53
3.54,3.59,3.62,3.62
3.56,3.61,3.62,3.62
3.55,3.61,3.62,3.59
3.55,3.6,3.62,3.57
3.54,3.58,3.61,3.56
3.5,3.57,3.58,3.51
3.47,3.54,3.55,3.45
3.48,3.54,3.56,3.51
3.53,3.58,3.61,3.6
3.56,3.61,3.63,3.64
3.58,3.62,3.64,3.63
3.56,3.62,3.62,3.6
3.55,3.6,3.62,3.57
3.52,3.58,3.58,3.54
3.5,3.54,3.57,3.48
3.51,3.57,3.59,3.55
3.53,3.58,3.6,3.58
3.51,3.58,3.59,3.54
3.5,3.56,3.58,3.51
3.5,3.56,3.58,3.53
3.5,3.56,3.58,3.53
3.5,3.55,3.58,3.52
3.51,3.57,3.58,3.54
3.54,3.59,3.61,3.6
3.55,3.61,3.63,3.61
3.55,3.6,3.63,3.58
3.54,3.59,3.61,3.55
3.53,3.59,3.6,3.56
3.51,3.58,3.6,3.53
3.48,3.55,3.58,3.45
3.48,3.54,3.56,3.47
3.5,3.56,3.58,3.56
3.52,3.57,3.6,3.56
3.53,3.58,3.61,3.58
3.52,3.58,3.59,3.56
3.51,3.58,3.59,3.53
3.54,3.58,3.61,3.58
3.56,3.61,3.62,3.62
3.56,3.6,3.63,3.61
3.54,3.59,3.62,3.56
3.54,3.59,3.62,3.56
3.54,3.6,3.62,3.59
3.53,3.58,3.6,3.55
3.49,3.55,3.57,3.47
3.46,3.54,3.57,3.43
3.49,3.55,3.57,3.52
3.5,3.56,3.59,3.55
3.5,3.56,3.58,3.52
3.47,3.54,3.56,3.47
3.47,3.54,3.55,3.49
3.5,3.56,3.58,3.54
3.54,3.59,3.62,3.61
3.55,3.61,3.62,3.62
3.55,3.61,3.62,3.58
3.53,3.59,3.62,3.56
3.48,3.55,3.55,3.5
3.48,3.52,3.58,3.49
3.5,3.56,3.59,3.54
3.55,3.6,3.62,3.65
3.57,3.61,3.63,3.62
3.56,3.62,3.62,3.61
3.53,3.6,3.61,3.53
3.51,3.57,3.6,3.41
3.53,3.57,3.61,3.58
3.47,3.54,3.52,3.52
3.33,3.47,3.42,3.24
3.42,3.52,3.51,3.56
3.44,3.51,3.54,3.45
3.42,3.5,3.51,3.42
3.41,3.49,3.5,3.41
3.42,3.5,3.51,3.45
3.47,3.53,3.56,3.54
3.54,3.58,3.62,3.65
3.52,3.57,3.58,3.56
3.56,3.6,3.63,3.65
3.56,3.62,3.63,3.62
3.54,3.6,3.62,3.58
3.47,3.55,3.56,3.43
3.47,3.54,3.56,3.5
3.48,3.52,3.55,3.5
3.46,3.54,3.54,3.48
3.5,3.57,3.58,3.56
3.53,3.6,3.6,3.61
3.54,3.58,3.62,3.57
3.55,3.61,3.62,3.61
3.54,3.59,3.62,3.6
3.53,3.57,3.6,3.48
3.48,3.54,3.58,3.6
3.48,3.54,3.56,3.47
3.55,3.61,3.62,3.7
3.58,3.62,3.65,3.67
3.58,3.62,3.64,3.61
3.47,3.54,3.56,3.47
3.42,3.5,3.53,3.32
3.44,3.52,3.54,3.5
3.46,3.53,3.54,3.5
3.5,3.57,3.58,3.58
3.5,3.56,3.58,3.56
3.38,3.46,3.48,3.31
3.34,3.44,3.46,3.26
3.41,3.5,3.52,3.49
3.47,3.54,3.56,3.58
3.5,3.56,3.58,3.57
3.45,3.52,3.55,3.44
3.4,3.47,3.5,3.35
3.41,3.48,3.51,3.43
3.42,3.5,3.52,3.48
3.42,3.5,3.52,3.45
3.45,3.52,3.54,3.49
3.48,3.54,3.56,3.56
3.5,3.57,3.58,3.57
3.5,3.57,3.58,3.55
3.48,3.56,3.56,3.51
3.45,3.53,3.54,3.43
3.46,3.54,3.55,3.51
3.49,3.56,3.58,3.55
3.51,3.58,3.6,3.59
3.52,3.58,3.61,3.57
3.52,3.58,3.61,3.56
3.52,3.58,3.6,3.56
3.51,3.58,3.6,3.55
3.54,3.6,3.62,3.62
3.55,3.6,3.63,3.61
3.52,3.58,3.61,3.53
3.49,3.55,3.57,3.34
3.49,3.56,3.58,3.57
3.49,3.55,3.57,3.53
3.45,3.5,3.57,3.42
3.46,3.53,3.56,3.5
3.49,3.55,3.57,3.55
3.5,3.55,3.58,3.54
3.5,3.56,3.58,3.54
3.45,3.54,3.54,3.46
3.4,3.48,3.5,3.35
3.43,3.51,3.53,3.5
3.46,3.54,3.55,3.52
3.48,3.54,3.57,3.55
3.49,3.55,3.58,3.53
3.5,3.56,3.59,3.56
3.51,3.58,3.6,3.57
3.51,3.58,3.6,3.55
3.5,3.56,3.58,3.52
3.48,3.54,3.56,3.51
3.45,3.53,3.54,3.45
3.44,3.52,3.52,3.45
3.46,3.54,3.55,3.52
3.48,3.55,3.58,3.54
3.53,3.59,3.62,3.63
3.52,3.6,3.6,3.57
3.52,3.59,3.61,3.55
3.52,3.58,3.61,3.56
3.52,3.59,3.62,3.57
3.51,3.59,3.6,3.56
3.5,3.57,3.58,3.52
3.49,3.55,3.58,3.52
3.49,3.57,3.58,3.53
3.51,3.58,3.61,3.58
3.5,3.57,3.58,3.62
3.43,3.52,3.54,3.3
3.42,3.52,3.51,3.6
3.45,3.52,3.54,3.52
3.43,3.5,3.57,3.44
3.42,3.51,3.53,3.46
3.45,3.54,3.55,3.51
3.48,3.55,3.57,3.54
3.53,3.58,3.61,3.63
3.51,3.57,3.61,3.59
3.43,3.51,3.55,3.53
3.42,3.49,3.54,3.46
3.38,3.5,3.47,3.43
3.38,3.47,3.48,3.34
3.42,3.5,3.54,3.56
3.51,3.58,3.61,3.69
3.53,3.58,3.62,3.6
3.53,3.58,3.62,3.58
3.46,3.53,3.55,3.46
3.42,3.51,3.52,3.43
3.45,3.54,3.55,3.52
3.46,3.54,3.55,3.5
3.42,3.5,3.52,3.48
3.4,3.48,3.5,3.42
3.35,3.44,3.46,3.3
3.34,3.44,3.46,3.38
3.36,3.46,3.48,3.42
3.36,3.46,3.49,3.39
3.37,3.47,3.5,3.42
3.39,3.49,3.5,3.45
3.42,3.5,3.53,3.48
3.44,3.53,3.55,3.52
3.46,3.54,3.57,3.53
3.47,3.54,3.57,3.53
3.46,3.54,3.56,3.5
3.46,3.54,3.55,3.49
3.46,3.54,3.55,3.5
3.46,3.54,3.56,3.5
3.46,3.54,3.56,3.51
3.48,3.55,3.58,3.55
3.5,3.57,3.58,3.57
3.5,3.58,3.59,3.57
3.51,3.58,3.6,3.57
3.52,3.58,3.61,3.57
3.53,3.58,3.61,3.59
3.54,3.6,3.62,3.6
3.53,3.59,3.62,3.57
3.53,3.58,3.62,3.57
3.53,3.59,3.62,3.58
3.5,3.57,3.59,3.53
3.41,3.51,3.52,3.35
3.42,3.5,3.53,3.46
3.42,3.51,3.54,3.48
3.43,3.52,3.54,3.48
3.45,3.54,3.55,3.5
3.47,3.55,3.57,3.54
3.49,3.56,3.59,3.55
3.5,3.57,3.59,3.56
3.5,3.57,3.59,3.56
3.5,3.58,3.59,3.55
3.5,3.56,3.59,3.54
3.5,3.56,3.59,3.54
3.52,3.59,3.61,3.61
3.52,3.58,3.6,3.58
3.5,3.58,3.58,3.54
3.5,3.58,3.58,3.55
3.49,3.58,3.59,3.53
3.48,3.58,3.6,3.51
3.5,3.58,3.62,3.57
3.5,3.58,3.6,3.54
3.5,3.55,3.6,3.52
3.49,3.58,3.55,3.56
3.44,3.51,3.54,3.45
3.42,3.52,3.53,3.44
3.44,3.53,3.54,3.5
3.45,3.53,3.55,3.49
3.44,3.53,3.54,3.48
3.46,3.54,3.56,3.5
3.5,3.56,3.58,3.59
3.51,3.58,3.6,3.58
3.5,3.58,3.61,3.55
3.51,3.58,3.61,3.57
3.51,3.58,3.6,3.56
3.5,3.58,3.59,3.55
3.47,3.55,3.58,3.5
3.42,3.51,3.54,3.41
3.4,3.49,3.51,3.41
3.41,3.5,3.53,3.46
3.44,3.53,3.55,3.51
3.46,3.54,3.56,3.53
3.46,3.54,3.56,3.51
3.46,3.54,3.56,3.5
3.46,3.55,3.57,3.52
3.5,3.58,3.59,3.59
3.52,3.59,3.62,3.61
3.53,3.58,3.61,3.6
3.51,3.58,3.59,3.55
3.48,3.58,3.59,3.51
3.47,3.55,3.58,3.48
3.49,3.58,3.57,3.57
3.5,3.58,3.59,3.58
3.5,3.58,3.6,3.54
3.51,3.58,3.6,3.58
3.51,3.58,3.61,3.57
3.51,3.58,3.6,3.57
3.5,3.58,3.59,3.51
3.5,3.57,3.59,3.52
3.48,3.55,3.58,3.51
3.46,3.56,3.54,3.49
3.44,3.54,3.54,3.49
3.44,3.53,3.54,3.47
3.46,3.54,3.56,3.52
3.48,3.57,3.58,3.57
3.51,3.58,3.6,3.59
3.53,3.58,3.62,3.6
3.52,3.58,3.62,3.56
3.5,3.55,3.62,3.52
3.51,3.58,3.61,3.58
3.52,3.59,3.61,3.57
3.48,3.56,3.58,3.37
3.47,3.54,3.58,3.62
3.46,3.54,3.56,3.39
3.46,3.54,3.58,3.55
3.45,3.52,3.54,3.48
3.45,3.55,3.55,3.49
3.45,3.54,3.56,3.49
3.46,3.52,3.6,3.49
3.44,3.49,3.61,3.42
3.44,3.52,3.57,3.48
3.49,3.55,3.6,3.58
3.5,3.58,3.6,3.59
3.5,3.57,3.61,3.57
3.42,3.55,3.51,3.44
3.38,3.48,3.49,3.37
3.34,3.44,3.48,3.23
3.34,3.46,3.48,3.4
3.32,3.44,3.46,3.32
3.3,3.43,3.46,3.33
3.29,3.42,3.44,3.31
3.29,3.42,3.45,3.32
3.31,3.44,3.46,3.37
3.38,3.49,3.5,3.49
3.42,3.52,3.55,3.55
3.45,3.54,3.56,3.54
3.46,3.54,3.56,3.52
3.46,3.54,3.58,3.52
3.4,3.5,3.55,3.34
3.46,3.56,3.58,3.56
3.51,3.58,3.62,3.64
3.53,3.59,3.62,3.61
3.54,3.6,3.63,3.6
3.54,3.59,3.63,3.6
3.48,3.55,3.58,3.5
3.44,3.53,3.55,3.43
3.47,3.56,3.59,3.58
3.49,3.58,3.58,3.54
3.51,3.59,3.61,3.6
3.53,3.61,3.62,3.63
3.54,3.61,3.63,3.63
3.52,3.55,3.64,3.55
3.51,3.58,3.63,3.58
3.47,3.55,3.58,3.46
3.51,3.58,3.62,3.6
3.5,3.58,3.59,3.54
3.47,3.54,3.61,3.41
3.43,3.53,3.55,3.43
3.46,3.55,3.58,3.54
3.49,3.58,3.59,3.59
3.5,3.57,3.6,3.57
3.49,3.57,3.58,3.51
3.53,3.6,3.62,3.65
3.54,3.59,3.63,3.61
3.5,3.57,3.61,3.51
3.5,3.57,3.6,3.56
3.47,3.54,3.59,3.49
3.46,3.55,3.58,3.49
3.5,3.58,3.61,3.59
3.52,3.59,3.62,3.62
3.42,3.5,3.5,3.41
3.32,3.45,3.46,3.22
3.28,3.41,3.44,3.23
3.31,3.43,3.46,3.4
3.35,3.47,3.5,3.43
3.43,3.54,3.57,3.59
3.46,3.55,3.58,3.56
3.49,3.57,3.6,3.56
3.53,3.6,3.62,3.65
3.54,3.6,3.62,3.61
3.53,3.59,3.62,3.59
3.5,3.58,3.59,3.54
3.46,3.55,3.54,3.49
3.43,3.54,3.54,3.46
3.4,3.5,3.53,3.4
3.42,3.52,3.54,3.5
3.45,3.54,3.57,3.55
3.48,3.56,3.58,3.57
3.49,3.58,3.59,3.58
3.5,3.58,3.6,3.58
3.5,3.58,3.61,3.57
3.5,3.58,3.6,3.56
3.47,3.56,3.58,3.52
3.46,3.55,3.58,3.5
3.45,3.54,3.57,3.5
3.45,3.54,3.57,3.51
3.48,3.57,3.59,3.57
3.5,3.58,3.61,3.59
3.5,3.57,3.6,3.56
3.46,3.55,3.58,3.5
3.44,3.54,3.56,3.46
3.44,3.54,3.56,3.51
3.46,3.56,3.58,3.55
3.49,3.58,3.6,3.58
3.52,3.59,3.62,3.61
3.54,3.61,3.63,3.64
3.46,3.54,3.61,3.35
3.48,3.57,3.58,3.52
3.5,3.59,3.6,3.59
3.55,3.62,3.64,3.68
3.56,3.63,3.66,3.66
3.57,3.63,3.66,3.65
3.57,3.63,3.66,3.64
3.57,3.63,3.66,3.64
3.58,3.63,3.66,3.65
3.57,3.63,3.66,3.64
3.56,3.63,3.65,3.63
3.5,3.58,3.6,3.52
3.42,3.52,3.54,3.41
3.42,3.52,3.56,3.42
3.47,3.56,3.58,3.58
3.52,3.6,3.62,3.64
3.52,3.58,3.62,3.59
3.43,3.52,3.56,3.41
3.29,3.42,3.43,3.19
3.26,3.41,3.42,3.28
3.25,3.39,3.42,3.26
3.14,3.3,3.34,3.13
3.01,3.21,3.25,2.87
3.1,3.3,3.33,3.3
3.37,3.49,3.51,3.79
3.29,3.41,3.41,3.42
3.39,3.49,3.53,3.49
3.47,3.56,3.58,3.66
3.29,3.4,3.44,3.08
3.45,3.54,3.58,3.76
3.51,3.59,3.62,3.67
3.54,3.6,3.63,3.64
3.54,3.61,3.64,3.63
3.54,3.62,3.64,3.63
3.55,3.62,3.65,3.64
3.56,3.62,3.65,3.64
3.56,3.62,3.65,3.64
3.56,3.62,3.66,3.64
3.57,3.62,3.66,3.64
3.57,3.62,3.66,3.64
3.57,3.63,3.66,3.65
3.57,3.63,3.66,3.65
3.58,3.63,3.66,3.64
3.58,3.63,3.66,3.65
3.58,3.64,3.66,3.65
3.58,3.64,3.66,3.65
3.58,3.64,3.67,3.65
3.58,3.64,3.66,3.66
3.58,3.64,3.67,3.65
3.58,3.64,3.67,3.66
3.58,3.65,3.66,3.66
3.58,3.65,3.67,3.66
3.59,3.64,3.67,3.66
3.59,3.64,3.68,3.66
3.59,3.65,3.67,3.66
3.59,3.65,3.67,3.67
3.59,3.65,3.68,3.66
3.59,3.66,3.67,3.67
3.59,3.66,3.68,3.66
3.6,3.65,3.68,3.67
3.6,3.65,3.68,3.67
3.6,3.66,3.68,3.67
3.6,3.66,3.68,3.67
3.6,3.66,3.68,3.67
3.6,3.66,3.68,3.68
3.6,3.66,3.69,3.67
3.6,3.66,3.68,3.67
3.61,3.66,3.68,3.68
3.61,3.66,3.69,3.67
3.61,3.66,3.69,3.67
3.61,3.66,3.69,3.68
3.61,3.66,3.68,3.68
3.61,3.66,3.69,3.67
3.61,3.66,3.69,3.68
3.61,3.66,3.69,3.68
3.62,3.66,3.69,3.68
3.62,3.66,3.69,3.68
3.62,3.66,3.69,3.68
3.62,3.66,3.69,3.68
3.62,3.66,3.69,3.68
3.62,3.66,3.69,3.69
3.62,3.66,3.7,3.68
3.62,3.66,3.7,3.68
3.62,3.67,3.69,3.68
3.62,3.67,3.69,3.69
3.62,3.67,3.69,3.69
3.62,3.66,3.7,3.68
3.62,3.66,3.7,3.68
3.62,3.66,3.7,3.69
3.62,3.66,3.7,3.69
3.62,3.67,3.69,3.69
3.62,3.67,3.7,3.68
3.62,3.67,3.7,3.69
3.62,3.67,3.7,3.69
3.62,3.67,3.7,3.69
3.62,3.67,3.7,3.69
3.62,3.67,3.7,3.69
3.62,3.68,3.7,3.69
3.62,3.68,3.7,3.69
3.63,3.67,3.7,3.69
3.63,3.67,3.7,3.69
3.63,3.67,3.7,3.69
3.63,3.67,3.7,3.69
3.63,3.67,3.7,3.7
3.63,3.67,3.7,3.69
3.63,3.67,3.7,3.69
3.63,3.68,3.7,3.69
3.63,3.68,3.7,3.69
3.63,3.68,3.7,3.7
3.63,3.68,3.7,3.7
3.63,3.68,3.7,3.7
3.63,3.68,3.7,3.69
3.63,3.68,3.7,3.69
3.63,3.68,3.7,3.7
3.63,3.68,3.7,3.7
3.64,3.67,3.7,3.7
3.64,3.67,3.7,3.7
3.64,3.68,3.7,3.7
3.64,3.68,3.7,3.7
3.64,3.68,3.7,3.69
3.64,3.68,3.7,3.7
3.64,3.68,3.7,3.7
3.64,3.68,3.7,3.7
3.64,3.68,3.7,3.7
3.64,3.68,3.7,3.7
3.64,3.68,3.7,3.7
3.64,3.68,3.7,3.7
3.64,3.68,3.7,3.7
3.64,3.69,3.7,3.7
3.64,3.69,3.7,3.7
3.64,3.69,3.7,3.7
3.64,3.69,3.7,3.7
3.64,3.69,3.7,3.7
3.64,3.69,3.7,3.7
3.65,3.68,3.7,3.7
3.65,3.68,3.7,3.7
3.65,3.68,3.7,3.7
3.65,3.68,3.7,3.71
3.65,3.68,3.7,3.71
3.65,3.68,3.71,3.7
3.65,3.68,3.71,3.7
3.65,3.68,3.71,3.7
3.65,3.68,3.71,3.7
3.65,3.69,3.7,3.7
3.65,3.69,3.7,3.7
3.65,3.69,3.7,3.7
3.65,3.69,3.7,3.7
3.65,3.69,3.7,3.71
3.65,3.69,3.7,3.71
3.65,3.69,3.7,3.71
3.65,3.69,3.7,3.71
3.65,3.69,3.7,3.71
3.65,3.69,3.71,3.7
3.65,3.69,3.71,3.7
3.65,3.69,3.71,3.7
3.65,3.69,3.71,3.7
3.65,3.69,3.71,3.71
3.65,3.69,3.71,3.71
3.65,3.69,3.71,3.71
3.66,3.68,3.71,3.71
3.66,3.69,3.7,3.71
3.66,3.69,3.7,3.71
3.66,3.69,3.7,3.71
3.66,3.69,3.7,3.71
3.66,3.69,3.7,3.71
3.66,3.69,3.7,3.71
3.66,3.69,3.7,3.71
3.66,3.69,3.71,3.7
3.66,3.69,3.71,3.71
3.66,3.69,3.71,3.71
3.66,3.69,3.71,3.71
3.66,3.69,3.71,3.71
3.66,3.69,3.71,3.71
3.66,3.69,3.71,3.71
3.66,3.69,3.71,3.71
3.66,3.69,3.71,3.71
3.66,3.69,3.71,3.71
3.66,3.69,3.71,3.71
3.66,3.69,3.71,3.71
3.66,3.69,3.71,3.71
3.66,3.7,3.7,3.71
3.66,3.7,3.7,3.71
3.66,3.7,3.7,3.71
3.66,3.7,3.7,3.71
3.66,3.7,3.7,3.71
3.66,3.7,3.71,3.71
3.66,3.7,3.71,3.71
3.66,3.7,3.71,3.71
3.66,3.7,3.71,3.71
3.66,3.7,3.71,3.71
3.66,3.7,3.71,3.71
3.66,3.7,3.71,3.71
3.66,3.69,3.71,3.71
3.66,3.69,3.71,3.71
3.66,3.69,3.71,3.71
3.66,3.69,3.71,3.71
3.66,3.69,3.71,3.71
3.66,3.69,3.71,3.71
3.66,3.69,3.71,3.71
3.66,3.69,3.71,3.71
3.66,3.69,3.71,3.71
3.66,3.69,3.71,3.71
3.66,3.69,3.71,3.71
3.66,3.69,3.71,3.71
3.66,3.69,3.71,3.72
3.66,3.69,3.71,3.72
3.66,3.69,3.71,3.72
3.66,3.69,3.72,3.71
3.66,3.7,3.71,3.71
3.66,3.7,3.71,3.71
3.66,3.7,3.71,3.71
3.66,3.7,3.71,3.71
3.66,3.7,3.71,3.71
3.66,3.7,3.71,3.71
3.66,3.7,3.71,3.71
3.66,3.7,3.71,3.71
3.66,3.7,3.71,3.71
3.66,3.7,3.71,3.71
3.66,3.7,3.71,3.71
3.66,3.7,3.71,3.71
3.66,3.7,3.71,3.71
3.66,3.7,3.71,3.71
3.66,3.7,3.71,3.71
3.66,3.7,3.71,3.72
3.66,3.7,3.71,3.72
3.66,3.7,3.71,3.72
3.66,3.7,3.71,3.72
3.66,3.7,3.71,3.72
3.66,3.7,3.71,3.72
3.66,3.7,3.71,3.72
3.66,3.7,3.71,3.72
3.66,3.7,3.71,3.72
3.66,3.7,3.71,3.72
3.66,3.7,3.71,3.72
3.66,3.7,3.71,3.72
3.66,3.7,3.72,3.71
3.66,3.7,3.72,3.71
3.66,3.7,3.72,3.71
3.67,3.69,3.72,3.71
3.67,3.69,3.72,3.71
3.67,3.69,3.72,3.71
3.67,3.69,3.72,3.71
3.67,3.69,3.72,3.71
3.67,3.7,3.71,3.71
3.67,3.7,3.71,3.71
3.67,3.7,3.71,3.71
3.67,3.7,3.71,3.71
3.67,3.7,3.71,3.72
3.67,3.7,3.71,3.72
3.67,3.7,3.71,3.72
3.67,3.7,3.71,3.72
3.67,3.7,3.71,3.72
3.67,3.7,3.71,3.72
3.67,3.7,3.71,3.72
3.67,3.7,3.71,3.72
3.67,3.7,3.71,3.72
3.67,3.7,3.71,3.72
3.67,3.7,3.71,3.72
3.67,3.7,3.71,3.72
3.67,3.7,3.71,3.72
3.67,3.7,3.71,3.72
3.67,3.7,3.71,3.72
3.67,3.7,3.71,3.72
3.67,3.7,3.71,3.72
3.67,3.7,3.71,3.72
3.67,3.7,3.71,3.72
3.67,3.7,3.71,3.72
3.67,3.7,3.71,3.72
3.67,3.7,3.71,3.72
3.67,3.7,3.71,3.72
3.67,3.7,3.71,3.72
3.67,3.7,3.71,3.72
3.67,3.7,3.72,3.71
3.67,3.7,3.72,3.71
3.67,3.7,3.72,3.71
3.67,3.7,3.72,3.71
3.67,3.7,3.72,3.71
3.67,3.7,3.72,3.71
3.67,3.7,3.72,3.71
3.67,3.7,3.72,3.71
3.67,3.7,3.72,3.71
3.67,3.7,3.72,3.71
3.67,3.7,3.72,3.72
3.67,3.7,3.72,3.72
3.67,3.7,3.72,3.72
3.67,3.7,3.72,3.72
3.67,3.7,3.72,3.72
3.67,3.7,3.72,3.72
3.67,3.7,3.72,3.72
3.67,3.7,3.72,3.72
3.67,3.7,3.72,3.72
3.67,3.7,3.72,3.72
3.67,3.7,3.72,3.72
3.67,3.7,3.72,3.72
3.67,3.7,3.71,3.72
3.67,3.7,3.71,3.72
3.67,3.7,3.71,3.72
3.67,3.7,3.71,3.72
3.67,3.7,3.71,3.72
3.67,3.7,3.71,3.72
3.67,3.7,3.71,3.72
3.67,3.7,3.71,3.72
3.67,3.7,3.71,3.72
3.67,3.7,3.71,3.72
3.68,3.7,3.71,3.72
3.67,3.7,3.71,3.72
3.68,3.7,3.71,3.72
3.68,3.7,3.71,3.72
3.68,3.7,3.71,3.72
3.68,3.7,3.71,3.72
3.68,3.7,3.71,3.72
3.68,3.7,3.71,3.72
3.68,3.7,3.71,3.72
3.68,3.7,3.71,3.72
3.68,3.7,3.71,3.72
3.68,3.7,3.71,3.72
3.68,3.7,3.71,3.72
3.68,3.7,3.71,3.72
3.68,3.7,3.71,3.72
3.68,3.7,3.72,3.71
3.68,3.7,3.71,3.72
3.68,3.7,3.72,3.72
3.68,3.7,3.72,3.72
3.68,3.7,3.72,3.72
3.68,3.7,3.72,3.72
3.68,3.7,3.72,3.72
3.68,3.7,3.72,3.72
3.68,3.7,3.72,3.72
3.68,3.7,3.72,3.72
3.68,3.7,3.72,3.72
3.68,3.7,3.72,3.72
3.68,3.7,3.72,3.72
3.68,3.7,3.72,3.72
3.68,3.7,3.72,3.72
3.68,3.7,3.72,3.72
3.68,3.7,3.72,3.72
3.68,3.7,3.72,3.72
3.68,3.7,3.72,3.72
3.68,3.7,3.72,3.72
3.68,3.7,3.72,3.72
3.68,3.7,3.72,3.72
3.68,3.7,3.72,3.72
3.68,3.7,3.72,3.72
3.68,3.7,3.72,3.72
3.68,3.7,3.72,3.72
3.68,3.7,3.72,3.72
3.68,3.7,3.72,3.72
3.68,3.7,3.72,3.72
3.68,3.7,3.72,3.72
3.68,3.7,3.72,3.72
3.68,3.7,3.72,3.72
3.68,3.7,3.72,3.72
3.68,3.7,3.72,3.72
3.68,3.7,3.72,3.72
3.68,3.7,3.72,3.72
3.68,3.7,3.72,3.72
3.68,3.7,3.72,3.72
3.68,3.7,3.72,3.72
3.68,3.7,3.72,3.72
3.68,3.7,3.72,3.72
3.68,3.7,3.72,3.72
3.68,3.7,3.72,3.72
3.68,3.7,3.72,3.72
3.68,3.7,3.72,3.72
3.68,3.7,3.72,3.72
3.68,3.7,3.72,3.72
3.68,3.7,3.72,3.72
3.68,3.7,3.72,3.72
3.68,3.7,3.72,3.72
3.68,3.7,3.72,3.72
3.68,3.7,3.71,3.72
3.68,3.7,3.71,3.72
3.68,3.7,3.71,3.72
3.68,3.7,3.71,3.72
3.68,3.7,3.71,3.72
3.68,3.7,3.71,3.72
3.68,3.7,3.71,3.72
3.68,3.7,3.71,3.72
3.68,3.7,3.71,3.72
3.68,3.7,3.71,3.72
3.68,3.7,3.71,3.72
3.68,3.7,3.71,3.72
3.68,3.7,3.71,3.72
3.68,3.7,3.71,3.72
3.68,3.7,3.72,3.72
3.68,3.7,3.72,3.72
3.68,3.7,3.72,3.72
3.68,3.7,3.72,3.72
3.68,3.7,3.72,3.72
3.68,3.7,3.72,3.72
3.68,3.7,3.72,3.72
3.68,3.7,3.72,3.72
3.68,3.7,3.72,3.72
3.68,3.7,3.72,3.72
3.68,3.7,3.72,3.72
3.68,3.7,3.72,3.72
3.68,3.7,3.72,3.72
3.68,3.7,3.72,3.72
3.68,3.7,3.72,3.72
3.68,3.7,3.72,3.72
3.68,3.7,3.72,3.72
3.68,3.7,3.72,3.72
3.68,3.7,3.72,3.72
3.68,3.7,3.72,3.72
3.68,3.7,3.72,3.72
3.68,3.7,3.72,3.72
3.68,3.7,3.72,3.72
3.68,3.7,3.72,3.72
3.68,3.7,3.72,3.72
3.68,3.7,3.72,3.72
3.68,3.7,3.72,3.72
3.68,3.7,3.72,3.72
3.68,3.7,3.72,3.72
3.68,3.7,3.72,3.72
3.68,3.7,3.72,3.72
3.68,3.7,3.72,3.72
3.69,3.7,3.72,3.72
3.68,3.7,3.72,3.72
3.68,3.7,3.72,3.72
3.68,3.7,3.72,3.72
3.68,3.7,3.72,3.72
3.68,3.7,3.72,3.72
3.68,3.7,3.72,3.72
3.69,3.7,3.72,3.72
3.69,3.7,3.72,3.72
3.69,3.7,3.72,3.72
3.69,3.7,3.72,3.72
3.69,3.7,3.72,3.72
3.69,3.7,3.72,3.72
3.69,3.7,3.72,3.72
3.69,3.7,3.72,3.72
3.69,3.7,3.72,3.72
3.69,3.7,3.72,3.72
3.69,3.7,3.72,3.72
3.69,3.7,3.72,3.72
3.69,3.7,3.72,3.72
3.69,3.7,3.72,3.72
3.69,3.7,3.72,3.72
3.69,3.7,3.72,3.72
3.69,3.7,3.72,3.72
3.69,3.7,3.72,3.72
3.69,3.7,3.72,3.72
3.69,3.7,3.72,3.72
3.69,3.7,3.72,3.72
3.69,3.7,3.72,3.72
3.69,3.7,3.72,3.72
3.69,3.7,3.72,3.72
3.69,3.7,3.72,3.72
3.69,3.7,3.72,3.72
3.69,3.7,3.72,3.72
3.69,3.7,3.72,3.72
3.69,3.7,3.72,3.72
3.69,3.7,3.72,3.72
3.69,3.7,3.72,3.72
3.69,3.7,3.72,3.72
3.69,3.7,3.72,3.72
3.69,3.7,3.72,3.72
3.69,3.7,3.72,3.72
3.69,3.7,3.72,3.72
3.69,3.7,3.72,3.72
3.69,3.7,3.72,3.72
3.69,3.7,3.72,3.72
3.69,3.7,3.72,3.72
3.69,3.7,3.72,3.72
3.69,3.7,3.72,3.72
3.69,3.7,3.72,3.72
3.69,3.7,3.72,3.72
3.69,3.7,3.72,3.72
3.69,3.7,3.73,3.72
3.69,3.7,3.73,3.72
3.69,3.7,3.73,3.72
3.69,3.7,3.73,3.72
3.69,3.7,3.73,3.72
3.69,3.7,3.73,3.72
3.69,3.7,3.73,3.72
3.69,3.7,3.73,3.72
3.69,3.7,3.73,3.72
3.69,3.7,3.73,3.72
3.69,3.7,3.73,3.72
3.69,3.7,3.73,3.72
3.69,3.7,3.73,3.72
3.69,3.7,3.73,3.72
3.69,3.7,3.73,3.72
3.69,3.7,3.73,3.72
3.69,3.7,3.73,3.72
3.69,3.7,3.73,3.72
3.69,3.7,3.73,3.72
3.69,3.7,3.73,3.72
3.69,3.7,3.73,3.72
3.69,3.7,3.73,3.72
3.69,3.7,3.73,3.72
3.69,3.7,3.73,3.72
3.69,3.7,3.73,3.72
3.69,3.7,3.73,3.72
3.69,3.7,3.73,3.72
3.69,3.7,3.73,3.72
3.69,3.7,3.72,3.72
3.69,3.7,3.73,3.72
3.69,3.7,3.72,3.72
3.69,3.7,3.72,3.72
3.69,3.7,3.72,3.72
3.69,3.7,3.72,3.72
3.69,3.7,3.72,3.72
3.69,3.7,3.72,3.72
3.69,3.7,3.72,3.72
3.69,3.7,3.72,3.72
3.69,3.7,3.72,3.72
3.69,3.7,3.72,3.72
3.69,3.7,3.72,3.72
3.69,3.7,3.72,3.72
3.69,3.7,3.72,3.72
3.69,3.7,3.72,3.72
3.69,3.7,3.72,3.72
3.69,3.7,3.72,3.72
3.69,3.7,3.72,3.72
3.69,3.7,3.72,3.72
3.69,3.7,3.72,3.72
3.69,3.7,3.72,3.72
3.69,3.7,3.72,3.72
3.69,3.7,3.72,3.72
3.69,3.7,3.72,3.72
3.69,3.7,3.72,3.72
3.69,3.7,3.72,3.72
3.69,3.7,3.72,3.72
3.69,3.7,3.72,3.72
3.69,3.7,3.72,3.72
3.69,3.7,3.72,3.72
3.69,3.7,3.72,3.72
3.69,3.7,3.72,3.72
3.69,3.7,3.72,3.72
3.69,3.7,3.72,3.72
3.69,3.7,3.72,3.72
3.69,3.7,3.72,3.72
3.69,3.7,3.72,3.72
3.69,3.7,3.72,3.72
3.69,3.7,3.72,3.72
3.69,3.7,3.72,3.72
3.69,3.7,3.72,3.72
3.69,3.7,3.72,3.72
3.69,3.7,3.72,3.72
3.69,3.7,3.72,3.72
3.69,3.7,3.72,3.72
3.69,3.7,3.72,3.72
3.69,3.7,3.72,3.72
3.69,3.7,3.72,3.72
3.69,3.7,3.72,3.72
3.69,3.7,3.72,3.72
3.69,3.7,3.72,3.72
3.69,3.7,3.72,3.72
3.69,3.7,3.72,3.72
3.69,3.7,3.72,3.72
3.69,3.7,3.72,3.72
3.69,3.7,3.72,3.72
3.69,3.7,3.72,3.72
3.69,3.7,3.72,3.72
3.69,3.7,3.72,3.72
3.69,3.7,3.72,3.73
3.69,3.7,3.72,3.73
3.69,3.7,3.72,3.73
3.69,3.7,3.72,3.73
3.69,3.7,3.72,3.73
3.69,3.7,3.72,3.73
3.69,3.7,3.72,3.73
3.69,3.7,3.72,3.73
3.69,3.7,3.72,3.73
3.69,3.7,3.72,3.73
3.69,3.7,3.72,3.73
3.69,3.7,3.72,3.73
3.69,3.7,3.72,3.73
3.69,3.7,3.72,3.73
3.69,3.7,3.72,3.73
3.69,3.7,3.72,3.73
3.69,3.7,3.72,3.73
3.69,3.7,3.72,3.73
3.69,3.7,3.72,3.73
3.69,3.7,3.72,3.73
3.69,3.7,3.72,3.73
3.69,3.7,3.72,3.73
3.69,3.7,3.72,3.73
3.69,3.7,3.72,3.73
3.69,3.7,3.72,3.73
3.69,3.7,3.72,3.73
3.69,3.7,3.72,3.73
3.69,3.7,3.72,3.73
3.69,3.7,3.72,3.73
3.69,3.7,3.72,3.73
3.69,3.7,3.72,3.73
3.69,3.7,3.72,3.73
3.69,3.7,3.72,3.73
3.69,3.7,3.72,3.73
3.69,3.7,3.72,3.73
3.69,3.7,3.72,3.73
3.69,3.7,3.73,3.72
3.69,3.7,3.73,3.72
3.69,3.7,3.73,3.72
3.69,3.7,3.73,3.72
3.69,3.7,3.73,3.72
3.69,3.7,3.73,3.72
3.69,3.7,3.73,3.72
3.69,3.7,3.73,3.72
3.69,3.7,3.73,3.72
3.69,3.7,3.73,3.72
3.69,3.7,3.73,3.72
3.69,3.7,3.73,3.72
3.69,3.7,3.73,3.72
3.69,3.7,3.73,3.72
3.69,3.7,3.73,3.72
3.69,3.7,3.73,3.72
3.69,3.7,3.73,3.72
3.69,3.7,3.73,3.72
3.69,3.7,3.73,3.72
3.69,3.7,3.73,3.72
3.69,3.7,3.73,3.72
3.69,3.7,3.73,3.72
3.69,3.7,3.73,3.72
3.69,3.7,3.73,3.72
3.69,3.7,3.73,3.72
3.69,3.7,3.73,3.72
3.69,3.7,3.73,3.72
3.69,3.7,3.73,3.72
3.69,3.7,3.73,3.72
3.69,3.7,3.73,3.73
3.69,3.7,3.73,3.73
3.69,3.7,3.73,3.73
3.69,3.7,3.73,3.73
3.69,3.7,3.73,3.73
3.69,3.7,3.73,3.73
3.69,3.7,3.73,3.73
3.69,3.7,3.73,3.73
3.69,3.7,3.73,3.73
3.69,3.7,3.73,3.73
3.69,3.7,3.73,3.73
3.69,3.7,3.73,3.73
3.69,3.7,3.73,3.73
3.69,3.7,3.73,3.73
3.69,3.7,3.73,3.73
3.69,3.7,3.73,3.73
3.69,3.7,3.73,3.73
3.7,3.7,3.73,3.73
3.69,3.7,3.73,3.73
3.69,3.7,3.73,3.73
3.69,3.7,3.73,3.73
3.7,3.7,3.73,3.73
3.7,3.7,3.72,3.73
3.7,3.7,3.72,3.73
3.7,3.7,3.72,3.73
3.7,3.7,3.72,3.73
3.7,3.7,3.72,3.73
3.7,3.7,3.72,3.73
3.7,3.7,3.72,3.73
3.7,3.7,3.72,3.73
3.7,3.7,3.72,3.73
3.7,3.7,3.73,3.72
3.7,3.7,3.73,3.72
3.7,3.7,3.73,3.72
3.7,3.7,3.73,3.72
3.7,3.7,3.73,3.72
3.7,3.7,3.73,3.72
3.7,3.7,3.73,3.72
3.7,3.7,3.73,3.72
3.7,3.7,3.73,3.72
3.7,3.7,3.73,3.72
3.7,3.7,3.73,3.72
3.7,3.7,3.73,3.72
3.7,3.7,3.73,3.72
