138816,16.56,1.17
138883,16.51,1.54
138950,16.60,0.81
139017,16.60,0.76
139083,16.61,0.74
139151,16.60,0.74
139217,16.61,0.73
139284,16.61,0.75
139351,16.60,0.73
139419,16.60,0.75
139485,16.61,0.75
139552,16.60,0.75
139619,16.60,0.74
139685,16.60,0.75
139752,16.60,0.74
139819,16.60,0.75
139886,16.60,0.73
139953,16.60,0.76
140020,16.60,0.73
140087,16.60,0.74
140154,16.60,0.74
140221,16.60,0.73
140287,16.60,0.74
140354,16.60,0.75
140421,16.60,0.74
140488,16.60,0.74
140555,16.60,0.74
140622,16.60,0.73
140689,16.60,0.75
140756,16.60,0.74
140823,16.60,0.74
140889,16.60,0.75
140956,16.60,0.74
141023,16.59,0.75
141090,16.23,3.70
141157,15.42,11.92
141224,14.97,14.05
141291,15.02,14.13
141358,15.71,6.97
141424,15.53,8.66
141491,15.71,7.00
141558,16.01,4.49
141625,16.10,3.73
141692,16.14,3.45
141759,16.13,3.50
141826,16.17,3.21
141893,16.08,3.90
141960,15.83,5.95
142027,15.65,7.23
142093,15.69,6.88
142160,15.80,5.94
142227,15.90,5.07
142294,15.89,5.12
142361,15.88,5.16
142428,15.88,5.13
142495,15.93,4.65
142561,16.00,4.01
142628,16.10,3.29
142695,16.08,3.40
142762,16.00,4.11
142829,15.94,4.63
142896,15.92,4.74
142963,15.74,6.11
143030,15.40,8.86
143097,15.46,8.21
143163,15.52,7.72
143230,15.58,7.18
143297,15.82,5.11
143364,15.87,4.66
143431,15.90,4.42
143498,15.87,4.66
143565,15.83,4.95
143632,15.83,4.95
143699,15.96,3.85
143765,15.96,3.92
143832,15.83,4.98
143899,15.69,6.07
143966,15.71,5.72
144033,15.50,7.62
144100,15.22,9.88
144167,15.23,9.79
144234,15.25,9.44
144301,15.19,9.88
144367,15.14,10.30
144434,15.10,10.33
144501,15.23,9.28
144568,15.82,4.13
144635,16.00,2.77
144702,15.52,6.93
144769,14.85,13.65
144836,15.53,6.89
144903,15.49,6.21
144969,15.31,8.23
145036,15.48,6.78
145103,15.60,5.34
145170,15.19,9.64
145237,14.99,11.17
145304,14.80,12.76
145371,14.63,14.14
145438,14.59,14.20
145504,14.55,14.60
145571,14.50,14.82
145638,14.52,14.53
145705,14.54,14.31
145772,14.56,13.90
145839,14.95,10.19
145906,15.29,7.19
145973,15.37,6.53
146039,15.19,8.10
146107,14.83,11.21
146173,14.71,12.22
146240,14.75,11.84
146307,14.67,12.36
146374,14.48,14.19
146441,14.47,14.22
146508,14.51,13.67
146575,14.45,14.16
146641,14.42,14.31
146708,14.42,14.25
146775,14.41,14.23
146842,14.48,13.31
146909,14.70,11.31
146976,14.88,9.56
147043,15.03,8.27
147110,15.20,6.90
147177,15.41,5.02
147243,15.47,4.55
147311,14.11,14.12
147377,14.59,17.73
147444,15.08,9.38
147511,15.51,3.85
147578,14.88,12.28
147645,14.32,13.27
147712,14.84,10.35
147779,15.23,6.51
147845,15.36,5.28
147912,15.32,5.53
147979,15.20,6.74
148046,15.13,7.01
148113,15.23,6.49
148180,15.23,6.50
148247,14.85,9.88
148314,14.45,13.52
148381,14.68,11.26
148447,14.91,9.06
148514,14.87,9.49
148581,14.93,8.81
148648,15.09,7.43
148715,15.25,6.08
148782,15.17,6.74
148849,14.77,10.51
148915,14.67,11.40
148983,14.73,10.64
149049,14.76,10.27
149116,15.01,7.93
149183,15.21,6.20
149250,15.21,6.29
149317,15.19,6.47
149384,15.18,6.70
149451,15.12,7.20
149517,15.14,7.01
149584,15.26,5.95
149651,15.37,4.99
149718,15.42,4.62
149785,15.47,4.24
149852,15.53,3.66
149919,15.53,3.78
149986,15.41,4.97
150053,15.19,6.89
150119,15.22,6.54
150186,15.09,7.80
150253,14.89,9.40
150320,15.03,8.17
150387,15.35,5.23
150454,15.38,5.04
150521,15.13,6.79
150588,15.15,6.97
150655,14.82,9.88
150721,13.62,23.37
150788,14.40,12.62
150855,14.59,11.81
150922,14.74,10.40
150989,15.02,7.88
151056,14.91,8.74
151123,14.41,13.69
151190,14.51,12.47
151256,14.39,13.61
151323,14.40,13.30
151390,14.53,11.93
151457,14.65,10.79
151524,14.97,7.78
151591,15.52,2.61
151658,14.99,8.08
151725,14.60,11.62
151792,14.38,13.58
151858,14.54,11.71
151925,14.84,8.89
151992,14.86,8.69
152059,14.65,10.90
152126,14.47,12.60
152193,14.40,13.15
152260,14.43,12.64
152327,14.44,12.59
152393,14.46,12.37
152460,14.43,12.58
152527,14.42,12.65
152594,14.41,12.43
152661,14.55,11.14
152728,14.73,9.40
152795,14.90,7.72
152862,15.03,6.64
152929,15.01,6.94
152995,14.61,10.94
153062,14.35,13.43
153129,14.23,14.44
153196,14.18,14.90
153263,14.14,15.20
153330,14.15,14.82
153397,14.20,14.24
153464,14.43,11.97
153531,14.29,13.36
153597,14.04,15.96
153664,13.97,16.41
153731,14.06,15.35
153798,14.37,12.11
153865,14.91,6.71
153932,15.00,5.37
153999,13.38,27.81
154065,13.41,24.51
154133,14.26,12.78
154199,14.60,9.63
154266,14.65,9.20
154333,14.66,9.30
154400,14.58,9.50
154467,14.42,11.83
154534,14.61,9.55
154601,14.80,7.74
154668,14.54,10.16
154735,14.45,11.60
154801,14.44,11.43
154868,14.35,12.03
154935,14.37,12.13
155002,14.28,13.13
155069,14.40,11.77
155136,14.56,10.24
155203,14.65,9.24
155269,14.99,5.99
155336,15.00,5.99
155403,14.89,7.16
155470,14.57,10.27
155537,14.61,10.12
155604,15.03,5.82
155671,15.20,4.32
155738,15.08,5.66
155804,15.12,5.17
155871,15.44,2.08
155938,15.35,3.16
156005,15.20,4.66
156072,15.13,5.44
156139,15.07,6.20
156206,14.64,10.70
156273,14.93,7.47
156339,15.30,3.86
156406,15.33,3.68
156473,15.21,5.07
156540,15.23,4.85
156607,15.36,3.57
156674,15.22,5.09
156741,15.08,6.58
156808,14.99,7.45
156875,14.74,9.91
156941,14.83,9.00
157008,15.15,5.65
157075,15.14,5.93
157142,14.94,8.10
157209,14.65,10.91
157276,14.21,15.41
157343,13.96,17.96
157410,13.93,18.12
157477,13.92,17.84
157543,13.86,18.50
157610,13.79,19.10
157677,13.75,19.39
157744,13.88,17.61
157811,14.63,9.27
157878,14.36,11.23
157945,14.52,11.14
158012,15.20,3.84
158079,15.16,4.45
158145,14.86,7.82
158212,14.73,9.32
158279,14.45,12.27
158346,14.36,12.75
158413,14.59,10.41
158480,14.57,10.45
158547,14.62,9.84
158614,14.56,10.77
158680,14.59,10.31
158747,14.85,7.49
158814,14.85,7.64
158881,14.19,14.95
158948,13.97,17.10
159015,14.07,15.60
159082,14.54,10.35
159149,14.94,6.24
159216,14.80,8.06
159282,14.43,12.03
159349,14.11,15.43
159416,14.02,16.33
159483,13.84,18.07
159550,13.74,18.92
159617,13.86,17.50
159684,14.44,10.86
159751,14.91,6.11
159818,14.85,6.82
159884,14.84,7.26
159951,14.93,6.32
160018,15.09,4.63
160085,15.14,4.30
160152,15.16,4.16
160219,15.18,4.06
160286,15.16,4.32
160352,15.02,5.99
160419,14.48,12.06
160486,14.67,9.58
160553,14.82,7.97
160620,14.77,8.72
160687,13.93,18.70
160754,14.35,12.80
160821,14.28,13.77
160888,14.24,14.34
160954,14.20,14.40
161021,14.14,15.15
161088,14.10,15.43
161155,14.09,15.30
161222,14.03,15.85
161289,14.03,15.77
161356,14.19,13.86
161423,14.33,12.31
161490,14.34,12.12
161556,14.34,12.12
161623,14.35,12.16
161690,14.35,12.06
161757,14.38,11.82
161824,14.56,9.71
161891,14.86,6.37
161958,15.05,4.55
162025,15.00,5.29
162091,15.00,5.42
162158,15.01,5.43
162225,15.01,5.47
162292,14.97,5.99
162359,14.73,8.76
162426,14.63,9.91
162493,14.64,9.71
162560,14.76,8.28
162626,14.82,7.69
162693,14.93,6.60
162760,14.93,6.60
162827,14.76,8.56
162894,14.75,8.76
162961,14.79,8.19
163028,14.76,8.55
163095,14.59,10.48
163162,14.50,11.44
163228,14.48,11.55
163295,14.50,11.35
163362,14.48,11.54
163429,14.34,13.09
163496,14.23,14.27
163563,14.19,14.61
163630,14.28,13.60
163697,14.93,5.91
163764,15.27,2.28
163830,15.22,2.99
163897,15.18,3.63
163964,15.14,4.30
164031,14.81,8.22
164098,14.16,15.81
164165,13.76,20.73
164232,13.65,21.30
164299,13.69,21.00
164365,13.70,19.68
164432,13.90,17.56
164499,13.92,17.05
164566,13.92,16.93
164633,14.18,13.79
164700,14.58,9.21
164767,14.85,6.08
164834,15.06,3.94
164901,15.13,3.46
164967,14.95,5.53
165034,14.47,10.88
165101,14.54,10.56
165168,14.53,10.26
165235,14.57,9.89
165302,14.61,9.56
165369,14.54,10.35
165436,14.36,12.46
165502,14.12,15.37
165569,14.13,15.05
165636,14.13,14.86
165703,13.98,16.61
165770,14.25,13.10
165837,14.59,9.26
165904,14.72,7.86
165971,14.68,8.41
166038,14.65,8.75
166104,14.70,8.14
166171,14.92,5.79
166238,15.01,5.03
166305,15.19,2.83
166372,15.20,2.85
166439,15.19,3.10
166506,15.21,3.09
166573,15.21,3.19
166639,15.19,3.52
166706,15.14,4.26
166773,15.09,4.95
166840,15.00,5.93
166907,14.95,6.63
166974,14.97,6.31
167041,15.03,5.80
167108,15.01,6.07
167174,14.78,8.77
167241,14.67,10.05
167308,14.70,9.66
167375,14.80,8.61
167442,15.01,5.86
167509,15.21,3.72
167576,15.24,3.12
167643,15.07,4.98
167710,14.81,7.70
167776,14.62,11.44
167843,15.03,5.38
167910,14.62,11.47
167977,14.84,6.41
168044,14.51,13.55
168111,14.45,12.82
168178,14.59,11.72
168245,14.90,7.27
168311,14.88,7.46
168378,14.19,16.17
168445,14.51,11.58
168512,14.72,9.13
168579,14.99,5.76
168646,15.18,3.41
168713,15.33,1.95
168780,15.26,2.93
168847,15.27,3.25
168913,15.07,5.27
168980,14.88,7.98
169047,15.03,6.05
169114,15.08,5.48
169181,15.32,2.46
169248,15.29,3.06
169315,15.28,3.22
169382,15.31,2.70
169448,14.80,9.39
169515,13.81,21.51
169582,13.88,20.05
169649,13.91,19.24
169716,13.94,18.98
169783,13.92,18.91
169850,13.90,18.88
169917,14.12,15.95
169984,13.98,17.72
170050,13.92,18.08
170117,14.07,16.28
170184,14.31,13.03
170251,14.52,10.58
170318,14.45,11.31
170385,14.45,11.31
170452,14.47,11.09
170519,14.67,8.56
170585,14.76,7.59
170652,14.72,8.17
170719,14.74,7.94
170786,14.74,8.02
170853,14.63,9.40
170920,14.32,13.61
170987,14.19,14.64
171054,14.10,16.03
171121,14.02,16.63
171187,14.02,16.58
171254,14.00,16.77
171321,14.00,16.63
171388,13.98,16.54
171455,14.36,11.81
171522,14.53,9.69
171589,14.49,10.21
171656,14.52,10.04
171722,14.56,9.48
171789,14.54,9.75
171856,14.41,11.40
171923,14.39,11.73
171990,14.48,10.58
172057,14.82,6.28
172124,15.11,2.86
172191,15.19,2.00
172258,15.13,3.06
172324,14.93,5.67
172391,14.55,11.66
172458,14.35,12.72
172525,14.47,11.52
172592,14.43,11.75
172659,14.41,11.93
172726,14.41,11.74
172793,14.43,11.55
172859,14.51,10.52
172926,14.72,7.97
172993,14.98,4.75
173061,15.00,4.57
173127,15.06,3.97
173194,15.17,2.69
173261,15.15,3.07
173328,15.06,4.40
173395,14.83,7.38
173461,14.90,6.56
173528,14.81,7.59
173595,14.64,9.91
173662,14.71,8.74
173729,14.67,9.32
173796,14.60,10.30
173863,14.77,7.93
173930,14.88,6.61
173996,14.68,9.27
174063,14.68,9.28
174130,14.99,5.25
174197,15.05,4.59
174264,15.00,5.26
174331,14.90,6.60
174398,14.69,9.23
174465,14.62,10.12
174531,14.60,10.41
174598,14.59,10.49
174665,14.58,10.56
174732,14.56,10.79
174799,14.55,10.81
174866,14.56,10.67
174933,14.47,11.85
175000,14.40,12.63
175067,14.41,12.28
175133,14.40,12.33
175200,14.40,12.31
175267,14.44,11.77
175334,14.62,9.41
175401,14.68,8.69
175468,14.69,8.54
175535,14.74,7.96
175602,14.86,6.48
175668,14.91,5.95
175735,14.92,5.86
175802,15.00,4.81
175869,15.01,4.93
175936,15.00,5.11
176003,14.98,5.43
176070,14.97,5.49
176137,14.91,6.22
176204,14.72,8.91
176270,14.76,8.32
176337,14.81,7.73
176404,14.82,7.56
176471,14.89,6.69
176538,14.98,5.68
176605,14.98,5.59
176672,15.04,4.89
176739,15.04,4.99
176806,15.04,4.95
176872,15.04,4.97
176940,15.01,5.56
177006,14.99,5.73
177073,15.01,5.61
177140,14.84,7.82
177207,14.88,7.17
177274,15.00,5.57
177340,15.07,4.76
177407,15.13,4.07
177474,15.21,3.12
177541,15.27,2.41
177608,15.29,2.30
177675,15.27,2.57
177742,15.23,3.25
177809,15.20,3.60
177876,14.89,7.59
177942,14.70,10.21
178009,14.76,9.36
178076,14.96,6.49
178143,15.03,5.66
178210,15.10,4.86
178277,15.05,5.48
178344,14.64,11.00
178411,14.55,11.82
178477,14.68,9.93
178544,14.80,8.35
178611,14.89,7.22
178678,14.98,6.07
178745,14.96,6.35
178812,14.94,6.64
178879,14.90,7.10
178946,15.02,5.58
179013,15.05,5.26
179079,15.03,5.50
179146,15.05,5.33
179213,15.06,5.18
179280,14.98,6.24
179347,14.74,9.48
179414,14.56,11.91
179481,14.36,14.42
179548,14.18,16.65
179614,14.06,17.95
179681,14.17,16.26
179748,14.17,15.81
179815,14.33,13.74
179882,14.66,9.18
179949,14.71,8.63
180016,14.69,8.76
180083,14.59,10.25
180150,14.30,14.13
180216,14.14,16.14
180283,14.03,17.39
180350,13.97,18.15
180417,13.96,17.90
180484,13.95,17.90
180551,13.89,18.45
180618,13.83,19.16
180685,13.81,19.17
180751,13.81,19.06
180819,13.90,17.61
180885,14.27,12.56
180952,14.63,7.87
181019,14.68,7.29
181086,14.60,8.76
181153,14.82,5.54
181220,14.90,4.69
181286,14.90,4.93
181353,14.87,5.53
181420,14.92,4.91
181487,14.93,4.89
181554,14.91,5.28
181621,14.80,6.94
181688,14.39,12.47
181755,14.43,11.85
181822,14.63,9.00
181888,14.75,7.25
181955,14.81,6.53
182022,14.89,5.51
182089,14.90,5.50
182156,14.82,6.69
182223,14.27,14.36
182290,14.28,13.63
182357,14.60,9.36
182423,14.82,6.38
182490,14.90,5.43
182557,14.88,5.78
182624,14.84,6.34
182691,14.53,10.41
182758,13.96,18.43
182825,14.03,17.10
182892,14.07,16.20
182959,13.86,19.25
183025,14.49,10.21
183092,14.72,7.18
183159,14.87,5.37
183226,14.98,3.83
183293,14.95,4.39
183360,14.63,8.87
183427,14.48,10.98
183494,14.72,7.61
183560,14.76,6.98
183627,14.73,7.68
183694,14.67,8.38
183761,14.51,10.79
183828,14.33,12.84
183895,14.31,13.07
183962,14.23,14.04
184029,14.18,14.61
184096,14.15,14.94
184162,14.17,14.65
184229,14.23,13.74
184296,14.35,11.93
184363,14.66,7.73
184430,14.83,6.72
184497,14.68,6.38
184564,15.00,3.11
184631,15.09,2.36
184698,14.98,4.02
184764,14.62,8.52
184831,14.86,5.88
184898,14.56,9.82
184965,14.39,12.39
185032,14.55,9.90
185099,14.61,8.97
185166,14.88,5.31
185233,14.99,3.92
185299,14.94,4.74
185366,14.89,5.56
185433,14.80,6.73
185500,14.95,4.86
185567,15.10,2.84
185634,15.03,3.89
185701,14.90,5.70
185768,14.63,9.42
185835,14.45,11.88
185901,14.63,9.35
185968,14.81,6.72
186035,14.69,8.36
186102,14.52,10.80
186169,14.60,9.52
186236,14.61,9.57
186303,14.60,9.44
186370,14.64,8.93
186436,14.83,6.32
186503,14.86,5.89
186570,14.97,4.54
186637,15.01,4.18
186704,14.99,4.45
186771,14.92,5.48
186838,14.77,7.26
186905,14.70,8.64
186971,14.60,9.90
187038,14.43,12.47
187105,14.36,13.09
187172,14.45,11.60
187239,14.61,9.38
187306,14.76,7.34
187373,14.90,5.41
187440,14.93,5.07
187507,14.71,8.07
187573,14.37,12.76
187640,14.44,11.76
187707,14.58,9.76
187774,14.68,8.28
187841,14.72,7.77
187908,14.71,7.93
187975,14.68,8.47
188042,14.61,9.36
188108,14.47,11.13
188175,14.35,12.84
188242,14.38,12.10
188309,14.40,11.74
188376,14.42,11.54
188443,14.40,11.67
188510,14.36,12.14
188577,14.33,12.73
188643,14.33,12.52
188710,14.34,12.37
188777,14.42,11.05
188844,14.73,6.84
188911,14.85,5.24
188978,14.78,6.32
189045,14.45,10.77
189112,14.06,16.26
189179,13.97,17.40
189245,13.99,16.91
189312,14.01,16.25
189379,14.01,16.30
189446,14.06,15.43
189513,14.19,13.56
189580,14.42,10.19
189647,14.69,6.59
189714,14.93,3.41
189780,14.97,3.09
189847,14.95,3.37
189914,14.90,4.28
189981,14.56,8.47
190048,13.24,32.36
190115,14.36,12.50
190182,14.71,6.57
190249,14.46,10.02
190316,14.28,12.76
190382,14.29,12.42
190449,14.40,11.01
190516,14.52,8.95
190583,14.45,9.90
190650,14.14,14.66
190717,14.13,14.39
190784,14.51,9.55
190851,14.88,3.93
190917,14.89,3.98
190984,14.75,6.07
191051,14.60,8.31
191118,14.22,13.65
191185,13.84,19.05
191252,13.90,17.80
191319,13.94,17.04
191386,14.07,15.09
191452,14.29,11.88
191519,14.71,5.96
191586,14.89,3.60
191653,14.91,3.34
191720,14.90,3.79
191787,14.90,3.92
191854,14.90,4.08
191921,14.85,4.86
191988,14.79,5.89
192054,14.81,5.69
192121,14.99,3.00
192188,14.91,4.37
192255,14.90,4.73
192322,14.83,5.74
192389,14.65,8.35
192456,14.66,7.98
192523,14.82,5.89
192590,14.87,5.08
192656,14.68,8.02
192723,14.68,7.91
192790,14.99,3.53
192857,15.05,2.71
192924,15.09,2.35
192991,15.09,2.47
193058,15.06,3.00
193125,14.76,7.35
193191,14.31,14.41
193258,14.10,16.37
193325,13.97,18.13
193392,13.93,18.50
193459,13.93,18.25
193526,13.90,18.32
193593,13.84,18.96
193660,13.86,18.33
193726,14.13,14.53
193793,14.63,7.27
193860,14.86,4.12
193927,14.86,4.06
193994,14.81,5.14
194061,14.72,6.20
194128,14.20,14.70
194195,14.51,8.48
194261,14.56,8.73
194328,14.48,9.67
194395,14.25,13.31
194462,14.30,12.36
194529,14.54,8.76
194596,14.76,5.68
194663,14.90,3.85
194730,14.94,3.34
194797,14.87,4.59
194864,14.84,5.11
194930,14.96,3.58
194997,14.92,4.06
195064,14.90,4.64
195131,14.82,5.74
195198,14.55,9.57
195265,14.51,9.97
195332,14.66,7.85
195399,14.64,8.25
195465,14.62,8.49
195532,14.66,7.98
195599,14.78,6.18
195666,14.90,4.52
195733,14.88,4.86
195800,14.88,4.94
195867,14.91,4.61
195934,14.77,6.71
196000,14.44,11.40
196067,14.23,14.31
196134,14.21,14.49
196201,14.15,15.16
196268,14.18,14.51
196335,14.58,8.48
196402,14.93,3.64
196469,14.98,2.96
196535,14.91,4.23
196602,14.87,4.91
196669,14.86,5.01
196736,14.79,6.13
196803,14.81,5.91
196870,14.75,6.72
196937,14.72,7.26
197004,14.62,8.64
197070,14.57,9.46
197137,14.39,12.03
197204,14.27,13.80
197271,14.25,13.55
197338,14.21,14.20
197405,14.19,14.49
197472,14.18,14.30
197539,14.21,13.68
197606,14.24,13.28
197672,14.33,11.71
197739,14.42,10.35
197806,14.47,9.74
197873,14.29,12.25
197940,14.21,13.38
198007,14.37,10.95
198074,14.48,9.23
198141,14.64,7.12
198207,14.81,4.68
198274,14.92,3.22
198341,14.95,2.93
198408,14.95,3.13
198475,14.89,4.20
198542,14.68,7.30
198609,14.72,6.60
198676,14.81,5.41
198743,14.90,4.24
198809,14.89,4.41
198876,14.76,6.41
198943,14.67,7.64
199010,14.76,6.42
199077,14.84,5.18
199144,14.86,5.06
199211,14.88,4.66
199278,14.90,4.59
199344,14.92,4.24
199411,14.90,4.51
199478,14.81,6.01
199545,14.84,5.61
199612,14.96,3.89
199679,14.95,4.09
199746,14.84,5.73
199813,14.64,8.85
199879,14.60,9.26
199946,14.62,8.71
200013,14.62,8.80
200080,14.56,9.57
200147,14.41,11.85
200214,14.36,12.27
200281,14.38,12.03
200348,14.40,11.47
200415,14.64,7.93
200482,14.95,3.42
200548,14.97,3.17
200615,14.98,3.30
200682,15.01,3.00
200749,14.99,3.26
200816,14.95,3.95
200883,14.86,5.38
200950,14.73,7.21
201016,14.51,10.59
201083,14.42,11.91
201150,14.46,10.92
201217,14.32,12.80
201284,14.11,15.75
201351,14.14,15.03
201418,14.30,12.54
201485,14.65,7.14
201552,14.69,6.72
201619,14.13,17.55
201685,14.27,9.59
201752,14.61,7.97
201819,14.60,8.07
201886,14.68,7.13
201953,14.89,4.01
202020,14.74,5.88
202087,14.70,7.15
202154,14.66,7.22
202221,14.33,12.16
202287,14.43,10.69
202354,14.50,9.65
202421,14.54,8.90
202488,14.50,9.47
202555,14.25,13.23
202622,14.32,12.09
202689,14.61,7.68
202756,14.84,4.43
202823,14.90,3.73
202889,14.87,4.18
202956,14.73,6.34
203023,14.70,6.87
203090,14.74,6.29
203157,14.72,6.55
203224,14.71,6.71
203291,14.65,7.72
203358,14.54,9.22
203424,14.53,9.35
203491,14.65,7.55
203558,14.83,4.95
203625,14.91,3.80
203692,14.95,3.28
203759,15.03,2.13
203826,14.94,3.62
203893,14.69,7.31
203960,14.72,7.09
204026,14.75,6.48
204093,14.80,5.82
204160,14.88,4.55
204227,14.80,5.85
204294,14.72,7.16
204361,14.71,7.28
204428,14.69,7.42
204495,14.68,7.65
204561,14.78,6.11
204628,14.97,3.19
204695,14.91,4.35
204762,14.70,8.66
204829,14.41,10.40
204896,14.73,6.54
204963,14.65,8.15
205030,14.74,6.80
205097,14.70,7.04
205163,14.61,8.44
205230,14.37,11.95
205297,14.69,7.15
205364,14.84,5.09
205431,14.73,6.60
205498,14.68,7.71
205565,14.71,6.94
205632,14.72,6.87
205698,14.85,4.94
205765,14.94,3.59
205832,14.93,3.78
205899,14.95,3.59
205966,14.87,4.84
206033,14.70,7.31
206100,14.73,7.01
206167,14.69,7.57
206233,14.77,6.24
206300,14.88,4.66
206367,14.89,4.55
206434,14.84,5.42
206501,14.55,9.83
206568,14.14,17.64
206635,14.11,15.88
206702,14.09,16.21
206768,14.03,16.77
206835,14.02,16.67
206902,14.06,15.72
206969,14.04,15.94
207036,13.90,18.07
207103,13.89,17.69
207170,13.90,17.34
207237,14.00,15.86
207304,14.13,13.82
207370,14.11,13.87
207437,14.10,14.02
207504,14.12,13.61
207571,14.19,12.51
207638,14.35,10.09
207705,14.45,8.72
207772,14.59,6.70
207839,14.61,6.37
207905,14.51,8.01
207972,14.44,9.25
208039,14.44,9.21
208106,14.35,10.59
208173,14.26,11.84
208240,14.25,11.91
208307,14.24,11.88
208374,14.19,12.67
208441,14.12,13.80
208507,14.11,13.76
208574,14.09,13.98
208641,14.06,14.38
208708,14.21,12.05
208775,14.28,10.81
208842,14.15,12.83
208909,14.07,14.12
208976,14.09,13.58
209042,14.09,13.54
209109,14.24,11.17
209176,14.35,9.45
209243,14.28,10.80
209310,14.16,12.52
209377,14.14,12.79
209444,14.13,12.98
209511,14.15,12.63
209578,14.16,12.29
209644,14.19,11.85
209711,14.19,11.90
209778,14.09,13.38
209845,14.07,13.51
209912,14.06,13.75
209979,14.05,13.88
210046,14.05,13.64
210113,14.03,13.75
210179,13.99,14.25
210246,13.98,14.58
210313,13.99,14.44
210380,14.01,13.87
210447,14.06,13.16
210514,14.05,13.41
210581,13.98,14.44
210648,13.87,15.89
210715,13.89,15.64
210781,13.89,15.43
210848,13.86,15.76
210915,13.86,15.61
210982,14.01,13.45
211049,13.93,14.55
211116,13.90,15.02
211183,14.02,13.40
211249,13.80,16.38
211317,13.88,15.28
211383,14.18,10.48
211450,14.36,7.90
211517,14.18,10.77
211584,14.07,12.49
211651,14.29,9.29
211718,14.62,4.20
211785,14.71,2.92
211852,14.82,1.69
211918,14.77,2.63
211985,14.24,10.78
212052,14.45,8.19
212119,14.32,9.43
212186,14.49,7.25
212253,14.71,3.75
212320,14.76,3.25
212387,14.76,3.38
212453,14.75,3.68
212521,14.65,5.38
212587,14.46,8.45
212654,14.51,8.01
212721,14.56,7.05
212788,14.56,6.87
212855,14.56,6.80
212922,14.52,7.55
212988,14.49,8.08
213055,14.37,9.96
213122,14.38,9.70
213189,14.60,6.19
213256,14.66,5.18
213323,14.67,5.27
213390,14.70,5.00
213457,14.71,4.91
213524,14.66,5.65
213590,14.70,5.16
213657,14.78,4.01
213724,14.72,4.93
213791,14.61,6.87
213858,14.67,5.66
213925,14.77,4.39
213992,14.78,4.20
214059,14.72,5.22
214126,14.65,6.35
214192,14.69,5.80
214259,14.70,5.56
214326,14.60,7.29
214393,14.55,7.88
214460,14.58,7.55
214527,14.61,7.08
214594,14.71,5.39
214661,14.78,4.50
214727,14.89,2.88
214794,14.89,2.93
214861,14.88,3.11
214928,14.88,3.19
214995,14.89,3.14
215062,14.88,3.28
215129,14.73,5.72
215196,14.25,13.23
215262,14.32,12.03
215329,14.47,9.56
215396,14.74,5.14
215463,14.92,2.51
215530,14.86,3.45
215597,14.85,3.80
215664,14.82,4.20
215731,14.66,6.78
215798,14.62,7.28
215864,14.56,8.34
215931,14.47,9.60
215998,14.50,9.16
216065,14.39,10.76
216132,14.18,13.89
216199,14.08,15.39
216266,14.12,14.56
216333,14.09,14.76
216399,14.10,14.44
216466,14.18,13.11
216533,14.37,10.05
216600,14.58,6.74
216667,14.54,7.37
216734,14.48,8.38
216801,14.23,12.30
216868,13.89,17.64
216934,13.82,18.36
217001,13.80,18.44
217068,13.77,18.76
217135,13.76,18.71
217202,13.74,18.65
217269,13.74,18.49
217336,13.75,18.24
217403,13.92,15.38
217469,14.36,8.32
217536,14.48,6.57
217603,13.94,14.91
217670,14.01,15.87
217737,14.55,5.87
217804,14.40,8.73
217871,14.40,7.93
217938,14.19,11.82
218005,14.33,9.91
218071,14.50,6.54
218138,14.52,6.50
218205,14.44,7.72
218272,14.38,8.70
218339,14.27,10.77
218406,14.27,10.39
218473,14.27,9.88
218540,14.40,8.43
218606,14.44,7.84
218673,14.44,8.00
218740,14.43,8.09
218807,14.34,9.58
218874,14.16,12.51
218941,14.24,11.11
219008,14.51,6.69
219075,14.59,5.66
219142,14.62,5.22
219208,14.51,7.01
219275,14.18,12.15
219342,14.24,11.11
219409,14.31,10.14
219476,14.36,9.27
219543,14.48,7.43
219610,14.61,5.27
219677,14.69,4.30
219743,14.70,4.12
219810,14.70,4.07
219877,14.60,6.53
219944,14.65,5.12
220011,14.28,10.71
220078,14.23,12.27
220145,14.48,7.72
220212,14.43,8.90
220278,14.85,1.95
220345,14.76,3.36
220412,14.61,6.03
220479,14.66,5.19
220546,14.45,8.46
220613,14.33,10.61
220680,14.47,8.60
220747,14.20,13.94
220814,14.30,10.60
220880,14.29,10.97
220947,14.29,10.75
221014,14.28,10.90
221081,14.26,11.14
221148,14.37,9.44
221215,14.46,7.72
221282,14.55,6.39
221349,14.63,5.39
221416,14.60,5.59
221482,14.28,11.15
221549,14.14,13.41
221616,14.29,10.52
221683,14.44,8.22
221750,14.34,9.76
221817,14.52,7.07
221884,14.66,4.70
221951,14.56,6.50
222017,14.24,11.66
222084,14.11,13.54
222151,14.21,11.71
222218,14.25,11.05
222285,14.21,11.62
222352,14.21,11.69
222419,14.20,11.73
222486,14.19,11.67
222552,14.15,12.30
222619,14.15,12.35
222686,14.15,12.29
222753,14.15,12.15
222820,14.14,12.28
222887,14.15,12.04
222954,14.18,11.58
223021,14.19,11.31
223088,14.37,8.38
223154,14.42,7.61
223221,14.50,6.46
223288,14.67,3.71
223355,14.72,3.15
223422,14.46,7.39
223489,14.02,14.82
223556,14.13,12.53
223623,14.14,12.35
223689,14.14,12.25
223756,14.10,12.94
223823,14.10,12.79
223890,14.13,12.29
223957,14.16,11.60
224024,14.23,10.56
224091,14.38,8.13
224158,14.43,7.34
224224,14.50,6.30
224291,14.58,5.19
224358,14.19,8.31
224425,13.58,18.62
224492,13.76,21.77
224559,14.20,10.15
224626,14.47,6.48
224693,14.50,6.09
224760,14.07,13.37
224826,13.89,16.16
224893,14.12,11.98
224960,14.14,11.91
225027,14.04,13.19
225094,14.15,11.50
225161,14.44,6.93
225228,14.57,4.82
225295,14.43,7.18
225361,14.03,13.67
225428,13.95,14.92
225495,13.89,15.77
225562,13.94,14.83
225629,14.31,8.61
225696,14.55,4.75
225763,14.62,4.01
225830,14.41,7.33
225897,13.89,16.11
225963,13.90,15.46
226030,13.96,14.51
226097,14.15,11.27
226164,14.39,7.42
226231,14.57,4.53
226298,14.70,2.63
226365,14.70,2.90
226432,14.68,3.21
226498,14.60,4.70
226565,14.36,8.76
226632,14.38,8.43
226699,14.51,6.29
226766,14.66,4.03
226833,14.76,2.40
226900,14.79,2.09
226967,14.54,6.85
227033,14.51,6.48
227100,14.34,9.29
227167,14.27,10.80
227234,14.46,7.47
227301,14.20,11.82
227368,13.86,17.09
227435,13.88,16.80
227502,13.85,16.86
227569,13.81,17.33
227636,13.73,18.39
227702,13.69,18.90
227769,13.69,18.64
227836,13.66,18.86
227903,13.66,18.72
227970,13.63,18.93
228037,13.62,18.93
228104,13.93,13.78
228170,14.44,5.45
228237,14.46,4.08
228304,13.42,23.83
228371,14.56,3.52
228438,14.47,5.48
228505,14.29,8.66
228572,13.68,19.02
228639,13.88,15.28
228706,14.15,10.87
228772,14.48,4.83
228839,14.52,5.09
228906,14.40,7.17
228973,13.77,17.01
229040,13.88,15.47
229107,14.06,12.19
229174,13.92,14.42
229241,13.85,15.56
229308,13.89,14.76
229374,14.26,8.63
229441,14.61,2.88
229508,14.58,3.73
229575,14.45,6.15
229642,14.40,7.08
229709,14.18,10.61
229776,13.73,18.23
229843,13.66,18.96
229909,13.68,18.45
229976,13.70,17.85
230043,13.71,17.41
230110,13.97,13.05
230177,14.42,5.82
230244,14.58,3.18
230311,14.51,4.59
230378,14.39,6.79
230444,14.38,7.08
230511,14.41,6.67
230578,14.49,5.51
230645,14.52,5.13
230712,14.51,5.28
230779,14.41,7.18
230846,14.14,11.10
230913,14.11,11.87
230980,13.67,21.85
231046,13.65,19.96
231113,13.93,14.48
231180,13.95,13.89
231247,13.90,14.67
231314,13.91,14.36
231381,13.91,14.47
231448,13.96,13.51
231515,14.07,11.48
231581,14.09,11.29
231648,14.24,8.59
231715,14.27,8.28
231782,14.22,9.39
231849,14.06,12.05
231916,13.95,13.85
231983,13.96,13.61
232050,13.89,14.60
232116,13.85,15.15
232183,13.87,14.66
232250,13.89,14.37
232317,14.03,11.98
232384,14.32,7.07
232451,14.50,4.39
232518,14.63,2.20
232585,14.46,5.33
232652,14.40,6.70
232718,14.43,6.22
232785,14.43,6.32
232852,14.42,6.31
232919,14.41,6.80
232986,14.45,6.09
233053,14.53,4.89
233120,14.54,4.79
233187,14.52,5.33
233253,14.37,7.76
233320,13.97,14.74
233387,14.09,12.34
233454,14.30,8.81
233521,14.28,9.19
233588,14.18,10.80
233655,14.24,9.81
233722,14.29,8.92
233789,14.22,9.98
233855,13.98,14.12
233922,13.99,13.71
233989,14.19,10.42
234056,14.60,3.22
234123,14.62,3.24
234190,14.50,5.43
234257,14.17,10.81
234324,14.10,13.41
234390,13.94,14.50
234457,13.69,19.20
234524,13.65,19.19
234591,13.62,19.64
234658,13.61,19.51
234725,13.58,19.66
234792,13.56,19.84
234859,13.60,18.84
234925,13.83,14.35
234992,14.31,7.08
235059,14.40,5.60
235126,14.27,7.82
235193,14.43,5.35
235260,14.49,4.36
235327,14.32,7.43
235394,14.01,12.90
235460,14.09,11.39
235527,13.79,16.38
235594,13.76,16.76
235661,13.84,15.39
235728,13.91,14.02
235795,13.88,14.45
235862,13.86,14.74
235929,14.06,11.17
235996,14.39,5.63
236062,14.43,5.16
236129,14.43,5.33
236196,14.32,7.46
236263,14.18,10.04
236330,14.20,9.44
236397,14.44,5.36
236464,14.59,2.89
236531,14.57,3.67
236598,14.64,2.43
236664,14.67,2.18
236731,14.58,3.53
236798,14.32,7.09
236865,14.33,7.57
236932,14.35,8.82
236999,14.42,7.28
237066,13.98,13.65
237133,13.99,14.07
237199,14.26,9.11
237266,14.40,6.82
237333,14.38,7.17
237400,14.43,6.60
237467,14.52,4.99
237534,14.42,6.57
237601,14.48,5.71
237668,14.74,1.29
237735,14.65,3.11
237801,14.39,8.15
237868,14.46,6.26
237935,14.47,6.28
238002,14.47,6.49
238069,14.53,5.34
238136,14.57,4.72
238203,14.57,4.89
238270,14.36,8.55
238336,14.30,9.56
238403,14.39,7.85
238470,14.50,5.93
238537,14.58,4.52
238604,14.56,5.02
238671,14.55,5.26
238738,14.58,4.81
238805,14.62,4.23
238872,14.68,3.26
238938,14.74,2.14
239005,14.74,2.41
239072,14.60,4.52
239139,14.53,6.05
239206,14.45,7.54
239273,14.43,7.80
239340,14.21,11.28
239407,14.22,11.36
239473,14.02,14.62
239540,13.79,18.91
239607,13.68,19.81
239674,13.69,19.59
239741,13.65,19.80
239808,13.65,19.43
239875,13.67,19.10
239942,13.75,17.23
240009,13.74,17.23
240075,13.63,19.08
240142,13.61,19.24
240209,13.60,19.09
240276,13.59,19.18
240343,13.59,19.00
240410,13.58,18.96
240477,13.57,19.00
240544,13.61,18.30
240610,13.71,16.41
240677,13.72,16.11
240744,13.73,16.05
240811,13.88,13.44
240878,14.00,11.31
240945,14.09,9.84
241012,14.06,10.59
241079,13.99,11.80
241145,14.02,11.48
241212,14.02,11.26
241279,13.94,12.83
241346,13.83,14.58
241413,13.82,14.68
241480,13.96,12.30
241547,14.19,8.23
241614,14.20,8.26
241680,14.06,10.74
241747,13.86,14.35
241814,13.85,14.53
241881,13.81,14.88
241948,13.79,15.19
242015,13.86,13.92
242082,14.11,9.55
242149,14.22,7.85
242216,14.08,10.26
242282,13.90,13.54
242349,13.92,12.99
242416,13.94,12.74
242483,13.86,14.04
242550,13.78,15.12
242617,13.78,15.34
242684,13.80,15.07
242751,13.81,14.45
242818,13.87,13.56
242884,13.90,12.80
242951,14.00,11.25
243018,14.19,8.14
243085,14.34,5.56
243152,14.31,5.90
243219,14.30,6.65
243286,14.20,8.14
243353,13.89,13.68
243419,13.83,14.79
243486,13.83,14.56
243553,13.90,13.39
243620,14.11,9.85
243687,14.19,8.14
243754,14.17,8.83
243821,14.18,8.72
243888,14.19,8.64
243954,14.01,11.96
244021,13.94,13.01
244089,14.19,8.45
244155,14.17,8.86
244222,13.81,15.30
244289,13.83,14.85
244356,13.95,12.55
244423,14.02,11.34
244489,14.13,9.55
244556,14.26,7.27
244623,14.31,6.41
244690,14.26,7.45
244757,14.20,8.60
244824,14.17,9.19
244891,14.17,9.06
244958,14.17,9.25
245024,14.11,10.23
245091,14.09,10.63
245158,14.14,9.77
245225,14.22,8.36
245292,14.23,8.20
245359,14.26,7.77
245426,14.35,6.10
245493,14.36,6.29
245560,14.41,5.40
245626,14.43,5.27
245693,14.42,5.46
245760,14.42,5.45
245827,14.43,5.47
245894,14.29,7.87
245961,14.07,12.02
246028,14.21,9.19
246095,14.32,7.14
246161,14.40,5.93
246228,14.42,5.52
246295,14.42,5.90
246362,14.46,5.07
246429,14.51,4.18
246496,14.50,4.56
246563,14.49,4.86
246630,14.32,7.84
246697,14.28,8.60
246763,14.37,6.94
246830,14.47,5.14
246897,14.48,5.21
246964,14.41,6.34
247031,14.27,8.99
247098,14.31,8.06
247165,14.37,7.11
247232,14.45,5.69
247298,14.51,4.72
247365,14.47,5.41
247432,14.43,6.26
247499,14.24,9.53
247566,14.25,9.31
247633,14.44,6.01
247700,14.47,5.39
247767,14.22,10.05
247834,13.89,15.77
247900,13.82,17.03
247967,13.78,17.28
248035,13.99,13.47
248101,14.43,5.16
248168,14.54,3.52
248235,14.48,4.75
248302,14.46,5.18
248369,14.43,5.94
248435,14.32,8.10
248502,14.23,9.60
248569,14.10,11.63
248636,13.90,15.27
248703,13.81,16.45
248770,13.84,16.02
248837,13.82,15.96
248904,13.82,15.91
248971,13.79,16.17
249037,13.77,16.39
249104,13.80,15.69
249171,14.08,10.63
249238,14.28,7.00
249305,14.31,6.54
249372,14.33,6.53
249439,14.36,6.12
249506,14.25,7.99
249573,13.71,17.67
249639,13.78,16.03
249706,13.69,17.93
249773,13.54,20.18
249840,13.55,19.46
249907,13.58,18.90
249974,13.56,19.04
250041,13.55,19.26
250108,13.52,19.61
250174,13.51,19.32
250241,13.58,18.21
250308,13.98,10.69
250375,14.45,2.70
250442,14.38,3.59
250509,14.28,5.37
250576,13.73,17.18
250643,14.01,11.87
250709,13.94,13.46
250776,14.06,10.95
250843,14.07,10.21
250910,14.06,10.12
250977,14.06,9.94
251044,14.04,10.45
251111,13.96,12.14
251178,13.93,12.68
251245,13.85,13.99
251311,13.90,13.05
251378,14.15,8.56
251445,14.26,6.59
251512,14.36,4.96
251579,14.42,4.14
251646,14.46,3.48
251713,14.50,3.01
251780,14.47,3.81
251846,14.43,4.64
251913,14.20,9.02
251980,14.05,11.74
252047,14.05,11.45
252114,14.15,9.50
252181,14.15,9.46
252248,14.07,11.07
252315,14.07,11.08
252381,14.17,9.23
252448,14.10,10.20
252515,14.09,10.46
252582,14.13,9.68
252649,14.25,7.59
252716,14.35,5.72
252783,14.45,4.08
252850,14.55,2.36
252917,14.53,2.98
252983,14.49,3.88
253050,14.44,5.01
253117,14.37,6.40
253184,14.31,7.26
253251,14.28,7.95
253318,14.08,11.75
253385,13.99,13.18
253452,14.15,10.09
253518,14.26,7.86
253585,14.20,9.06
253652,14.14,10.09
253719,14.05,11.77
253786,13.99,12.77
253853,13.90,13.71
253920,13.96,13.07
253987,13.98,12.07
254053,14.05,11.30
254120,13.97,12.63
254187,14.25,7.49
254254,14.36,5.37
254321,14.11,10.22
254388,14.11,10.26
254455,14.11,10.16
254522,14.03,11.78
254589,14.21,8.26
254655,14.23,8.01
254722,14.32,6.37
254789,14.32,6.51
254856,14.08,11.08
254923,13.87,14.55
254990,13.88,14.53
255057,13.84,14.73
255124,13.85,14.71
255190,13.83,14.76
255257,13.82,14.77
255324,13.88,13.68
255391,13.90,13.33
255458,13.87,13.67
255525,13.87,13.52
255592,13.88,13.56
255659,13.98,11.53
255726,14.09,9.38
255792,14.21,7.45
255859,14.32,5.56
255927,14.23,7.30
255993,13.80,15.20
256060,13.59,18.93
256127,13.57,19.06
256194,13.58,18.60
256261,13.59,18.14
256327,13.60,17.82
256394,13.69,16.13
256461,13.93,11.52
256528,14.07,9.01
256595,14.25,5.96
256662,14.27,5.65
256729,14.18,7.70
256796,14.24,6.83
256862,13.71,17.60
256929,13.06,27.93
256996,13.36,22.62
257063,13.57,17.76
257130,13.67,16.13
257197,13.78,13.83
257264,13.95,10.68
257331,14.18,6.81
257398,14.16,7.49
257464,14.16,7.38
257531,14.16,7.57
257598,14.02,10.15
257665,13.94,12.30
257732,14.00,10.43
257799,14.08,9.15
257866,14.20,6.99
257933,14.29,5.62
257999,14.22,7.01
258066,13.97,11.81
258133,13.78,15.15
258200,14.08,9.31
258267,14.18,7.74
258334,14.24,6.57
258401,14.07,9.84
258468,13.93,12.46
258534,14.00,11.15
258601,13.94,12.11
258668,13.91,12.52
258735,14.03,10.18
258802,14.13,8.61
258869,14.30,5.53
258936,14.43,3.17
259003,14.44,3.27
259070,14.41,3.99
259136,14.42,3.92
259203,14.47,3.19
259270,14.51,2.60
259337,14.54,2.05
259404,14.51,3.03
259471,14.39,5.14
259538,14.29,7.04
259605,14.35,6.05
259672,14.37,5.60
259738,14.24,8.11
259805,13.80,15.91
259872,13.64,19.11
259939,13.61,19.08
260006,13.53,20.14
260073,13.49,20.87
260140,13.43,21.42
260207,13.38,22.40
260273,13.36,22.27
260340,13.32,22.47
260407,13.46,19.77
260474,13.98,10.01
260541,14.28,4.76
260608,14.20,5.47
260675,14.13,7.62
260742,13.67,9.44
260808,14.00,13.48
260875,13.93,5.15
260942,13.98,7.87
261009,14.12,8.86
261076,14.13,8.43
261143,14.27,5.54
261210,14.24,6.22
261277,13.96,11.66
261343,13.86,13.49
261410,14.21,6.89
261477,14.35,4.38
261544,14.38,4.03
261611,14.42,3.33
261678,14.28,6.09
261745,14.02,11.49
261812,14.10,9.52
261879,14.05,10.46
261945,14.06,10.35
262012,14.10,9.50
262079,14.01,11.04
262146,13.74,16.19
262213,13.66,17.40
262280,13.66,17.05
262347,13.61,17.73
262414,13.58,18.00
262480,13.56,18.19
262547,13.81,13.46
262614,14.10,8.03
262681,14.17,7.04
262748,14.09,8.70
262815,14.07,9.07
262882,14.03,9.81
262949,13.85,13.40
263016,13.86,13.04
263082,14.15,7.49
263149,14.28,5.11
263216,14.27,5.59
263283,14.25,6.09
263350,14.16,7.87
263417,14.10,9.11
263484,14.09,9.46
263551,14.07,9.56
263617,14.05,10.06
263684,13.87,13.24
263751,13.81,14.44
263818,13.85,13.64
263885,13.97,11.19
263952,14.11,8.42
264019,14.04,9.88
264086,14.10,8.81
264153,14.25,5.99
264219,14.21,6.82
264286,14.16,7.97
264353,14.18,7.71
264420,14.18,7.51
264487,14.19,7.39
264554,14.21,7.03
264621,14.22,7.01
264688,14.18,7.98
264754,14.16,8.26
264821,14.24,6.78
264888,14.24,6.84
264955,14.24,6.79
265022,14.33,5.18
265089,14.35,4.91
265156,14.36,4.82
265223,14.32,5.57
265290,14.22,7.78
265356,14.15,9.09
265423,14.16,8.81
265490,14.14,8.96
265557,14.06,10.43
265624,14.14,9.01
265691,14.21,7.67
265758,14.24,7.11
265824,14.28,6.34
265891,14.35,5.13
265958,14.33,5.58
266025,14.23,7.45
266092,14.23,7.52
266159,14.31,6.15
266226,14.32,5.78
266293,14.28,6.75
266360,14.18,8.35
266426,14.01,11.68
266493,13.79,16.08
266560,13.76,15.99
266627,13.77,15.61
266694,13.76,15.48
266761,13.81,14.59
266828,14.10,9.02
266895,14.31,4.94
266961,14.38,3.87
267028,14.43,3.16
267095,14.34,4.90
267162,14.27,6.63
267229,14.20,7.92
267296,14.07,10.31
267363,13.71,16.91
267430,13.56,19.36
267497,13.56,19.07
267563,13.62,17.42
267630,13.68,16.20
267697,13.68,16.31
267765,13.74,14.92
267831,13.92,11.27
267898,14.13,7.49
267965,14.20,6.35
268032,14.19,6.61
268098,14.26,5.58
268165,14.33,4.43
268232,14.36,4.03
268299,14.37,3.99
268366,14.22,6.79
268433,13.86,13.96
268500,13.83,14.53
268567,13.93,12.15
268634,13.80,14.41
268700,13.67,16.79
268767,13.68,16.35
268834,13.80,13.90
268901,13.81,13.65
268968,14.18,6.53
269035,14.38,2.97
269102,14.31,4.45
269169,14.20,6.72
269235,14.21,6.78
269302,14.23,6.43
269369,14.25,6.18
269436,14.30,5.29
269503,14.35,4.34
269570,14.42,3.10
269637,14.41,3.47
269704,14.35,4.76
269771,14.36,4.53
269837,14.25,6.91
269904,14.22,7.36
269971,14.25,6.61
270038,14.34,5.15
270105,14.38,4.47
270172,14.50,2.11
270239,14.47,2.83
270306,14.48,3.07
270372,14.41,4.43
270439,14.16,8.65
270506,13.70,17.73
270573,13.88,13.95
270640,14.15,8.51
270707,14.43,3.21
270774,14.47,2.70
270841,14.33,4.56
270908,14.15,10.83
270974,14.25,8.64
271041,14.05,12.95
271108,14.23,5.89
271175,13.87,14.69
271242,14.10,10.04
271309,14.24,6.89
271376,14.19,7.75
271442,14.28,6.04
271509,14.40,3.90
271576,14.43,3.52
271643,14.41,4.16
271710,14.33,5.79
271777,14.32,5.99
271844,14.42,3.99
271911,14.48,2.93
271978,14.47,3.12
272044,14.35,5.50
272111,14.09,10.31
272178,14.25,7.48
272245,14.20,8.25
272312,14.19,8.36
272379,14.32,5.82
272446,14.41,4.27
272513,14.35,5.48
272580,14.33,5.84
272646,14.07,10.52
272713,14.10,10.60
272780,14.29,6.45
272847,14.06,12.19
272914,13.79,15.77
272981,13.55,20.38
273048,13.47,21.01
273115,13.44,21.42
273181,13.44,21.00
273248,13.44,20.64
273315,13.42,20.79
273382,13.41,20.75
273449,13.56,17.56
273516,13.97,9.80
273583,13.87,11.75
273650,13.57,17.67
273717,13.59,16.82
273783,13.61,16.29
273850,13.57,16.92
273917,13.54,17.48
273984,13.61,15.89
274051,13.90,10.42
274118,13.99,8.74
274185,13.94,10.01
274252,13.83,12.24
274318,13.69,14.53
274385,13.55,17.42
274452,13.43,19.23
274519,13.41,19.53
274586,13.37,20.03
274653,13.37,19.65
274720,13.36,19.57
274787,13.48,17.22
274853,13.58,15.32
274920,13.54,15.98
274987,13.48,17.18
275054,13.54,15.91
275121,13.65,13.85
275188,13.77,11.52
275255,13.94,8.52
275322,14.01,7.36
275389,13.93,9.16
275455,13.84,10.77
275522,13.86,10.40
275589,13.86,10.63
275656,13.84,10.99
275723,13.71,13.04
275790,13.60,15.60
275857,13.58,15.70
275924,13.59,14.90
275990,13.74,12.57
276057,14.00,7.53
276124,14.13,5.25
276191,14.23,3.77
276258,14.20,4.41
276325,14.29,2.89
276392,14.33,2.42
276459,14.36,1.99
276525,14.34,2.69
276592,14.26,4.29
276659,14.24,4.77
276726,13.87,12.60
276793,13.83,13.11
276860,14.04,8.32
276927,14.05,8.16
276994,14.03,8.70
277061,14.04,8.48
277127,13.93,10.69
277194,13.91,10.99
277261,14.02,8.79
277328,13.97,9.66
277395,13.86,11.69
277462,13.87,11.34
277529,13.87,11.47
277596,13.81,12.67
277662,13.81,12.45
277729,13.80,12.41
277796,13.81,12.30
277863,13.80,12.41
277930,13.78,12.68
277997,13.74,13.38
278064,13.78,12.56
278131,13.88,10.52
278197,13.89,10.56
278264,13.93,9.52
278331,13.94,9.44
278398,13.82,11.74
278465,13.79,12.27
278532,13.90,10.15
278599,13.98,8.74
278666,13.95,9.10
278732,13.94,9.56
278799,13.93,9.54
278866,13.90,10.37
278933,13.88,10.78
279000,14.03,7.97
279067,14.08,6.84
279134,14.04,7.73
279201,13.93,10.09
279268,13.79,12.68
279334,13.79,12.50
279401,13.87,10.70
279468,14.05,7.49
279535,14.15,5.43
279602,14.15,5.60
279669,14.06,7.44
279736,13.98,9.07
279803,13.94,9.81
279870,13.79,12.72
279936,13.81,12.26
280003,14.04,7.62
280070,14.14,5.70
280137,14.11,6.53
280204,14.04,8.09
280271,14.05,7.97
280338,14.06,7.74
280405,14.18,5.46
280472,14.17,5.68
280538,14.11,6.89
280605,14.07,7.73
280672,14.29,3.60
280739,14.33,2.80
280806,14.31,3.45
280873,14.09,8.23
280940,13.99,9.62
281007,13.84,12.69
281073,13.86,12.01
281140,13.93,10.56
281207,14.02,8.57
281274,14.09,7.22
281341,14.22,4.91
281408,14.28,3.80
281475,14.29,3.88
281542,13.92,8.62
281608,13.98,12.72
281675,14.10,7.40
281742,13.99,8.75
281809,14.09,8.27
282033,13.97,8.73
282261,14.02,8.46
282478,13.53,22.82
282699,14.08,6.91
282922,13.93,11.56
282997,13.85,17.53
283014,13.71,19.88
283080,13.94,8.69
283147,14.12,5.70
283214,14.25,3.51
283280,14.26,3.55
283347,14.20,4.98
283414,14.14,6.24
283481,14.16,5.79
283548,14.13,6.51
283615,14.19,5.22
283682,14.29,3.45
283749,14.30,3.31
283815,14.21,5.47
283882,14.05,8.54
283949,13.99,9.49
284016,14.18,5.79
284083,14.25,4.37
284150,14.14,6.78
284217,14.18,5.95
284284,14.25,4.51
284351,14.26,4.59
284417,14.33,3.13
284484,14.38,2.19
284551,14.37,2.53
284618,14.25,5.17
284685,14.18,6.65
284752,14.14,7.18
284819,14.23,5.32
284886,14.30,3.98
284953,14.34,3.44
285019,14.35,3.26
285086,14.27,4.96
285153,14.26,5.16
285220,14.28,4.74
285287,14.31,4.10
285354,14.32,4.14
285421,14.31,4.43
285487,14.29,4.73
285554,14.29,4.84
285621,14.29,4.97
285688,14.31,4.57
285755,14.52,0.50
285822,14.54,0.21
285889,14.53,0.48
285956,14.53,0.50
286023,14.54,0.50
286089,14.55,0.51
286156,14.55,0.50
286223,14.56,0.50
286290,14.56,0.50
286357,14.57,0.50
286424,14.57,0.50
286491,14.58,0.50
286558,14.58,0.51
286625,14.59,0.50
286691,14.59,0.50
286794,14.60,0.50
286824,14.60,0.65
286891,14.60,0.51
286958,14.61,0.51
287025,14.61,0.50
287092,14.61,0.50
287158,14.62,0.50
287225,14.62,0.50
287292,14.63,0.50
287359,14.63,0.50
287426,14.63,0.51
287493,14.63,0.50
287560,14.64,0.50
287627,14.64,0.50
287694,14.64,0.50
287760,14.65,0.50
287827,14.65,0.50
287894,14.65,0.51
287961,14.65,0.50
288028,14.66,0.51
288095,14.66,0.50
288162,14.66,0.50
288229,14.66,0.50
288296,14.67,0.50
288362,14.67,0.50
288430,14.67,0.53
288496,14.67,0.50
288563,14.68,0.50
288630,14.68,0.50
288697,14.68,0.50
288764,14.68,0.52
288830,14.68,0.50
288897,14.69,0.50
288964,14.69,0.50
289031,14.69,0.51
289098,14.69,0.50
289165,14.69,0.50
289232,14.69,0.50
289299,14.70,0.50
289366,14.70,0.50
289432,14.70,0.50
289499,14.70,0.51
289566,14.70,0.50
289633,14.70,0.50
289700,14.70,0.50
289767,14.71,0.50
289834,14.71,0.50
289901,14.71,0.50
289967,14.71,0.50
290034,14.71,0.50
290101,14.72,0.50
290168,14.72,0.50
290235,14.72,0.51
290302,14.72,0.52
290369,14.72,0.50
290436,14.72,0.50
290503,14.72,0.50
290569,14.72,0.51
290636,14.73,0.50
290703,14.73,0.50
290770,14.73,0.50
290837,14.73,0.51
290904,14.73,0.50
290971,14.73,0.50
291038,14.73,0.50
291104,14.73,0.50
291171,14.73,0.50
291238,14.73,0.50
291305,14.74,0.50
291372,14.74,0.50
291439,14.74,0.50
291506,14.74,0.50
291573,14.74,0.50
291640,14.74,0.50
291706,14.74,0.51
291773,14.74,0.50
291840,14.74,0.50
291907,14.74,0.50
291974,14.74,0.51
292041,14.75,0.50
292108,14.75,0.50
292175,14.75,0.50
292242,14.75,0.50
292308,14.75,0.52
292375,14.75,0.51
292442,14.75,0.50
292509,14.75,0.50
292576,14.75,0.50
292643,14.75,0.50
292710,14.75,0.50
292777,14.76,0.50
292843,14.76,0.50
292910,14.76,0.50
292977,14.76,0.50
293044,14.76,0.50
293111,14.76,0.50
293178,14.76,0.51
293245,14.76,0.50
293312,14.76,0.50
293378,14.76,0.50
293445,14.76,0.50
293512,14.76,0.49
293579,14.76,0.50
293646,14.76,0.49
293713,14.76,0.50
293780,14.77,0.49
293847,14.77,0.50
293913,14.77,0.50
293980,14.77,0.49
294047,14.77,0.49
294114,14.77,0.50
294181,14.77,0.48
294248,14.77,0.49
294315,14.77,0.51
294382,14.77,0.48
294449,14.77,0.48
294515,14.77,0.50
294582,14.77,0.49
294649,14.77,0.50
294716,14.77,0.49
294783,14.77,0.50
294850,14.77,0.49
294917,14.77,0.49
294984,14.77,0.49
295050,14.77,0.49
295117,14.77,0.49
295184,14.78,0.49
295251,14.78,0.48
295318,14.78,0.49
295385,14.78,0.50
295452,14.78,0.49
295519,14.78,0.49
295585,14.78,0.49
295652,14.78,0.49
295719,14.78,0.49
295786,14.78,0.49
295853,14.78,0.49
295920,14.78,0.49
295987,14.78,0.50
296054,14.78,0.50
296121,14.78,0.49
296187,14.78,0.50
296254,14.78,0.49
296321,14.78,0.51
296388,14.78,0.49
296455,14.78,0.49
296522,14.78,0.49
296589,14.78,0.49
296656,14.78,0.49
296723,14.78,0.49
296789,14.78,0.49
296856,14.78,0.49
296923,14.79,0.49
296990,14.79,0.49
297057,14.79,0.49
297124,14.79,0.49
297191,14.79,0.49
297258,14.79,0.49
297324,14.79,0.49
297391,14.79,0.49
297458,14.79,0.49
297525,14.79,0.49
297592,14.79,0.49
297659,14.79,0.49
297726,14.79,0.50
297793,14.79,0.49
297859,14.79,0.49
297926,14.79,0.50
297993,14.79,0.49
298060,14.79,0.49
298127,14.79,0.49
298194,14.79,0.49
298261,14.79,0.51
298328,14.79,0.49
298395,14.79,0.49
298461,14.79,0.50
298528,14.79,0.50
298595,14.79,0.50
298662,14.79,0.49
298729,14.79,0.49
298796,14.79,0.49
298863,14.79,0.49
298930,14.79,0.49
298996,14.80,0.49
299063,14.80,0.50
299130,14.80,0.49
299197,14.80,0.49
299264,14.80,0.49
299331,14.80,0.49
299398,14.80,0.48
299465,14.80,0.49
299532,14.80,0.49
299598,14.80,0.49
299665,14.80,0.50
299732,14.80,0.49
299799,14.80,0.50
299866,14.80,0.49
299933,14.80,0.49
300000,14.80,0.48
300067,14.80,0.49
300134,14.80,0.49
300200,14.80,0.49
300268,14.80,0.50
300334,14.80,0.50
300401,14.80,0.49
300468,14.80,0.50
300535,14.80,0.49
300602,14.80,0.49
300668,14.80,0.48
300735,14.80,0.49
300802,14.80,0.49
300869,14.80,0.49
300936,14.80,0.49
301003,14.80,0.48
301070,14.80,0.48
301137,14.80,0.49
301204,14.80,0.48
301270,14.80,0.49
301337,14.80,0.50
301404,14.80,0.49
301471,14.80,0.49
301538,14.80,0.49
301605,14.80,0.49
301672,14.80,0.49
301739,14.80,0.49
301805,14.80,0.49
301872,14.80,0.50
301939,14.80,0.49
302006,14.80,0.49
302073,14.80,0.49
302140,14.80,0.49
302207,14.81,0.50
302274,14.81,0.49
302341,14.81,0.49
302407,14.81,0.49
302474,14.81,0.49
302541,14.81,0.49
302608,14.81,0.49
302675,14.81,0.49
302742,14.81,0.49
302809,14.81,0.49
302876,14.81,0.49
302943,14.81,0.49
303009,14.81,0.49
303076,14.81,0.49
303143,14.81,0.49
303210,14.81,0.49
303277,14.81,0.49
303344,14.81,0.50
303411,14.81,0.49
303477,14.81,0.49
303544,14.81,0.49
303611,14.81,0.49
303678,14.81,0.49
303745,14.81,0.49
303812,14.81,0.49
303879,14.81,0.49
303946,14.81,0.49
304013,14.81,0.50
304079,14.81,0.50
304147,14.81,0.51
304213,14.81,0.49
304280,14.81,0.49
304347,14.81,0.49
304414,14.81,0.49
304481,14.81,0.49
304548,14.81,0.49
304615,14.81,0.49
304681,14.81,0.49
304748,14.81,0.49
304815,14.81,0.49
304882,14.81,0.48
304949,14.81,0.49
305016,14.81,0.49
305083,14.81,0.49
305150,14.81,0.49
305216,14.81,0.49
305283,14.81,0.49
305350,14.81,0.49
305417,14.81,0.50
305484,14.81,0.49
305551,14.81,0.49
305618,14.81,0.49
305685,14.81,0.49
305752,14.81,0.49
305818,14.81,0.49
305885,14.81,0.49
305952,14.81,0.49
306019,14.81,0.49
306086,14.81,0.49
306153,14.81,0.51
306220,14.81,0.49
306287,14.81,0.49
306353,14.81,0.48
306420,14.81,0.49
306487,14.81,0.49
306554,14.81,0.49
306621,14.81,0.49
306688,14.81,0.49
306755,14.81,0.49
306822,14.81,0.50
306888,14.81,0.49
306955,14.81,0.49
307022,14.81,0.50
307089,14.81,0.49
307156,14.81,0.49
307223,14.81,0.49
307290,14.81,0.50
307357,14.81,0.49
307424,14.81,0.49
307490,14.81,0.49
307557,14.81,0.49
307624,14.82,0.49
307691,14.82,0.49
307758,14.82,0.49
307825,14.82,0.49
307892,14.82,0.49
307959,14.82,0.49
308025,14.82,0.49
308092,14.82,0.49
308160,14.82,0.50
308226,14.82,0.50
308293,14.82,0.50
308360,14.82,0.49
308427,14.82,0.50
308494,14.82,0.49
308561,14.82,0.49
308627,14.82,0.49
308694,14.82,0.49
308761,14.82,0.49
308828,14.82,0.49
308895,14.82,0.49
308962,14.82,0.49
309029,14.82,0.50
309096,14.82,0.49
309162,14.82,0.50
309229,14.82,0.49
309296,14.82,0.49
309363,14.82,0.49
309430,14.82,0.49
309497,14.82,0.50
309564,14.82,0.49
309631,14.82,0.49
309697,14.82,0.49
309764,14.82,0.49
309831,14.82,0.49
309898,14.82,0.50
309965,14.82,0.49
310032,14.82,0.49
310099,14.82,0.50
310166,14.82,0.52
310233,14.82,0.49
310300,14.82,0.49
310366,14.82,0.50
310433,14.82,0.49
310500,14.82,0.49
310567,14.82,0.49
310634,14.82,0.50
310701,14.82,0.49
310768,14.82,0.50
310835,14.82,0.49
310901,14.82,0.49
310968,14.82,0.49
311035,14.82,0.49
311102,14.82,0.49
311169,14.82,0.50
311236,14.82,0.49
311303,14.82,0.49
311370,14.82,0.50
311436,14.82,0.49
311503,14.82,0.49
311570,14.82,0.49
311637,14.82,0.49
311704,14.82,0.49
311771,14.82,0.49
311838,14.82,0.49
311905,14.82,0.49
311971,14.82,0.49
312038,14.82,0.49
312105,14.82,0.53
312172,14.82,0.49
312239,14.82,0.49
312306,14.82,0.49
312373,14.82,0.48
312440,14.82,0.49
312506,14.82,0.49
312573,14.82,0.49
312640,14.82,0.49
312707,14.82,0.49
312774,14.82,0.49
312841,14.82,0.49
312908,14.82,0.49
312975,14.82,0.49
313042,14.82,0.49
313108,14.82,0.49
313175,14.82,0.49
313242,14.82,0.49
313309,14.82,0.49
313376,14.82,0.49
313443,14.82,0.49
313510,14.82,0.49
313577,14.82,0.50
313644,14.82,0.49
313710,14.82,0.49
313777,14.82,0.49
313844,14.82,0.49
313911,14.82,0.49
313978,14.82,0.49
314045,14.82,0.50
314112,14.82,0.50
314179,14.82,0.49
314245,14.82,0.49
314312,14.82,0.50
314379,14.83,0.49
314446,14.83,0.49
314513,14.83,0.49
314580,14.83,0.49
314647,14.83,0.49
314714,14.83,0.49
314780,14.83,0.49
314847,14.83,0.49
314914,14.83,0.50
314981,14.83,0.50
315048,14.83,0.49
315115,14.83,0.49
315182,14.83,0.49
315249,14.83,0.49
315316,14.83,0.49
315383,14.83,0.49
315449,14.83,0.49
315516,14.83,0.49
315583,14.83,0.49
315650,14.83,0.50
315717,14.83,0.50
315784,14.83,0.49
315851,14.83,0.49
315918,14.83,0.49
315984,14.83,0.49
316051,14.83,0.51
316118,14.83,0.49
316185,14.83,0.49
316252,14.83,0.49
316319,14.83,0.49
316386,14.83,0.49
316453,14.83,0.50
316519,14.83,0.49
316586,14.83,0.49
316653,14.83,0.49
316720,14.83,0.49
316787,14.83,0.45
316854,14.83,0.43
316921,14.83,0.43
316988,14.83,0.43
317054,14.83,0.43
317121,14.83,0.43
317188,14.83,0.44
317255,14.83,0.43
317322,14.83,0.43
317389,14.83,0.43
317456,14.83,0.43
317523,14.83,0.43
317590,14.83,0.43
317656,14.83,0.43
317723,14.83,0.43
317790,14.83,0.43
317857,14.83,0.43
317924,14.83,0.43
317991,14.83,0.43
318058,14.83,0.45
318125,14.83,0.43
318192,14.83,0.43
318258,14.83,0.43
318325,14.84,0.43
318392,14.84,0.43
318459,14.84,0.44
318526,14.84,0.43
318593,14.84,0.43
318660,14.84,0.43
318727,14.84,0.43
318793,14.84,0.43
318860,14.84,0.43
318927,14.58,0.33
